Date,Rainfall (mm/day),seasonal
1/1/2024,0,0.070468748
1/2/2024,0,0.070801018
1/3/2024,0,0.071342884
1/4/2024,0,0.072084598
1/5/2024,0,0.073016412
1/6/2024,0,0.074128575
1/7/2024,0,0.075411339
1/8/2024,0,0.076854955
1/9/2024,0,0.078449672
1/10/2024,0,0.080185744
1/11/2024,0,0.082053419
1/12/2024,0,0.08404295
1/13/2024,0,0.086144586
1/14/2024,0,0.088348579
1/15/2024,0,0.09064518
1/16/2024,0,0.093024639
1/17/2024,0,0.095477208
1/18/2024,0,0.097993137
1/19/2024,0,0.100562678
1/20/2024,0,0.10317608
1/21/2024,0,0.105823595
1/22/2024,0,0.108495474
1/23/2024,3.33375,0.111181968
1/24/2024,2.140185185,0.113873327
1/25/2024,13.62898148,0.116559802
1/26/2024,5.934898148,0.119231645
1/27/2024,4.1275,0.121879106
1/28/2024,2.140185185,0.124492436
1/29/2024,13.88936508,0.127061886
1/30/2024,3.319134921,0.129577706
1/31/2024,0,0.132030148
2/1/2024,0,0.134438713
2/2/2024,0,0.136833851
2/3/2024,0,0.139222239
2/4/2024,0,0.141610551
2/5/2024,0,0.144005463
2/6/2024,0,0.14641365
2/7/2024,0,0.148841788
2/8/2024,0,0.151296553
2/9/2024,0,0.15378462
2/10/2024,0,0.156312664
2/11/2024,0,0.158887361
2/12/2024,0,0.161515386
2/13/2024,0,0.164203416
2/14/2024,4.572,0.166958124
2/15/2024,0.254,0.169786188
2/16/2024,0,0.172694281
2/17/2024,0,0.175689081
2/18/2024,0,0.178777262
2/19/2024,5.842,0.1819655
2/20/2024,0,0.185260469
2/21/2024,0,0.188668847
2/22/2024,0,0.192197308
2/23/2024,0,0.195852528
2/24/2024,0,0.199641181
2/25/2024,0,0.203569945
2/26/2024,0,0.207645493
2/27/2024,0,0.211874503
2/28/2024,0,0.216263648
2/29/2024,0,0.220819605
3/1/2024,0,0.2258728
3/2/2024,0,0.231716624
3/3/2024,0,0.238302202
3/4/2024,0.254,0.24558066
3/5/2024,0,0.253503122
3/6/2024,0,0.262020714
3/7/2024,1.778,0.271084559
3/8/2024,4.064,0.280645784
3/9/2024,0,0.290655512
3/10/2024,0,0.301064869
3/11/2024,0,0.31182498
3/12/2024,0,0.32288697
3/13/2024,0,0.334201962
3/14/2024,11.684,0.345721084
3/15/2024,0,0.357395458
3/16/2024,0,0.369176211
3/17/2024,0,0.381014466
3/18/2024,0,0.39286135
3/19/2024,0,0.404667987
3/20/2024,0,0.416385501
3/21/2024,0,0.427965018
3/22/2024,10.922,0.439357662
3/23/2024,0,0.450514559
3/24/2024,12.954,0.461386834
3/25/2024,9.398,0.47192561
3/26/2024,9.398,0.482082014
3/27/2024,0,0.49180717
3/28/2024,0,0.501052202
3/29/2024,0,0.509768237
3/30/2024,0,0.517906398
3/31/2024,0,0.525417811
4/1/2024,1.778,0.532451992
4/2/2024,6.604,0.539204455
4/3/2024,0,0.545695318
4/4/2024,0,0.551944701
4/5/2024,0,0.557972722
4/6/2024,1.016,0.563799501
4/7/2024,2.794,0.569445157
4/8/2024,0,0.574929809
4/9/2024,0,0.580273577
4/10/2024,0,0.585496579
4/11/2024,1.27,0.590618934
4/12/2024,0,0.595660762
4/13/2024,0,0.600642182
4/14/2024,0,0.605583313
4/15/2024,0,0.610504274
4/16/2024,11.684,0.615425185
4/17/2024,0.254,0.620366163
4/18/2024,8.89,0.62534733
4/19/2024,0,0.630388803
4/20/2024,0,0.635510702
4/21/2024,0,0.640733146
4/22/2024,0,0.646076254
4/23/2024,0,0.651560145
4/24/2024,0,0.657204938
4/25/2024,0,0.663030754
4/26/2024,17.018,0.66905771
4/27/2024,3.556,0.675305925
4/28/2024,5.842,0.68179552
4/29/2024,0,0.688546613
4/30/2024,4.064,0.695579323
5/1/2024,2.794,0.703233667
5/2/2024,12.446,0.711784387
5/3/2024,0,0.72115369
5/4/2024,13.462,0.731263783
5/5/2024,0,0.742036874
5/6/2024,0.508,0.753395169
5/7/2024,21.844,0.765260876
5/8/2024,3.556,0.777556202
5/9/2024,0,0.790203354
5/10/2024,0.254,0.803124539
5/11/2024,0,0.816241964
5/12/2024,0,0.829477838
5/13/2024,8.382,0.842754365
5/14/2024,0,0.855993755
5/15/2024,0,0.869118214
5/16/2024,0,0.882049949
5/17/2024,0,0.894711168
5/18/2024,0,0.907024077
5/19/2024,18.542,0.918910884
5/20/2024,13.716,0.930293795
5/21/2024,40.132,0.941095019
5/22/2024,0,0.951236762
5/23/2024,0,0.960641232
5/24/2024,7.366,0.969230635
5/25/2024,0,0.976927179
5/26/2024,3.81,0.983653071
5/27/2024,6.604,0.989330518
5/28/2024,0,0.993881727
5/29/2024,0,0.997228906
5/30/2024,0,0.999294261
5/31/2024,0,1
6/1/2024,0,0.99887477
6/2/2024,0,0.995581364
6/3/2024,0,0.990243209
6/4/2024,16.002,0.982983734
6/5/2024,0,0.973926364
6/6/2024,0,0.963194528
6/7/2024,0.508,0.950911652
6/8/2024,0,0.937201164
6/9/2024,0,0.922186491
6/10/2024,0,0.905991061
6/11/2024,0,0.8887383
6/12/2024,0,0.870551635
6/13/2024,0,0.851554495
6/14/2024,0,0.831870306
6/15/2024,2.54,0.811622495
6/16/2024,3.302,0.79093449
6/17/2024,0,0.769929718
6/18/2024,5.588,0.748731606
6/19/2024,5.588,0.727463582
6/20/2024,9.398,0.706249072
6/21/2024,0,0.685211505
6/22/2024,0,0.664474306
6/23/2024,0,0.644160904
6/24/2024,0.254,0.624394726
6/25/2024,28.702,0.605299198
6/26/2024,0,0.586997749
6/27/2024,0.254,0.569613805
6/28/2024,32.766,0.553270794
6/29/2024,0,0.538092143
6/30/2024,0,0.524201279
7/1/2024,0,0.51099831
7/2/2024,46.99,0.497808897
7/3/2024,0,0.484644797
7/4/2024,0.508,0.471517767
7/5/2024,0,0.458439564
7/6/2024,0,0.445421945
7/7/2024,35.814,0.432476666
7/8/2024,0,0.419615484
7/9/2024,0,0.406850156
7/10/2024,3.81,0.39419244
7/11/2024,0,0.381654091
7/12/2024,0,0.369246867
7/13/2024,0,0.356982524
7/14/2024,0,0.34487282
7/15/2024,0,0.332929511
7/16/2024,0,0.321164354
7/17/2024,0,0.309589106
7/18/2024,0,0.298215524
7/19/2024,0,0.287055364
7/20/2024,3.556,0.276120384
7/21/2024,0,0.26542234
7/22/2024,5.588,0.254972989
7/23/2024,0,0.244784089
7/24/2024,1.016,0.234867395
7/25/2024,0,0.225234664
7/26/2024,0,0.215897655
7/27/2024,0,0.206868122
7/28/2024,1.524,0.198157824
7/29/2024,12.446,0.189778517
7/30/2024,26.924,0.181741958
7/31/2024,90.17,0.174059903
8/1/2024,0,0.166503457
8/2/2024,0,0.158851405
8/3/2024,0,0.151127028
8/4/2024,0,0.143353606
8/5/2024,0,0.135554421
8/6/2024,0,0.127752752
8/7/2024,0,0.119971881
8/8/2024,0.254,0.112235089
8/9/2024,0,0.104565655
8/10/2024,0,0.09698686
8/11/2024,0,0.089521986
8/12/2024,13.462,0.082194313
8/13/2024,0,0.075027122
8/14/2024,25.908,0.068043693
8/15/2024,2.54,0.061267306
8/16/2024,0,0.054721244
8/17/2024,0,0.048428786
8/18/2024,0,0.042413212
8/19/2024,0,0.036697805
8/20/2024,2.286,0.031305843
8/21/2024,1.27,0.026260609
8/22/2024,0,0.021585382
8/23/2024,0,0.017303444
8/24/2024,0,0.013438075
8/25/2024,0,0.010012555
8/26/2024,0,0.007050166
8/27/2024,2.032,0.004574188
8/28/2024,0,0.002607902
8/29/2024,22.606,0.001174588
8/30/2024,3.302,0.000297527
8/31/2024,0,0
9/1/2024,0,0.000100301
9/2/2024,0,0.000392086
9/3/2024,0,0.000861678
9/4/2024,0,0.001495398
9/5/2024,0,0.00227957
9/6/2024,0,0.003200517
9/7/2024,0,0.00424456
9/8/2024,0,0.005398022
9/9/2024,0,0.006647227
9/10/2024,0,0.007978496
9/11/2024,0,0.009378152
9/12/2024,0,0.010832518
9/13/2024,0,0.012327916
9/14/2024,0,0.013850669
9/15/2024,0,0.015387099
9/16/2024,0,0.01692353
9/17/2024,0,0.018446283
9/18/2024,0,0.019941681
9/19/2024,0,0.021396047
9/20/2024,0,0.022795703
9/21/2024,7.366,0.024126972
9/22/2024,7.874,0.025376176
9/23/2024,0,0.026529639
9/24/2024,0,0.027573682
9/25/2024,0,0.028494628
9/26/2024,0,0.029278801
9/27/2024,0,0.029912521
9/28/2024,0,0.030382113
9/29/2024,0,0.030673898
9/30/2024,0,0.030774199
10/1/2024,0,0.030742922
10/2/2024,0,0.030651843
10/3/2024,0,0.030505086
10/4/2024,5.08,0.030306774
10/5/2024,0,0.030061032
10/6/2024,0,0.029771985
10/7/2024,0,0.029443757
10/8/2024,0,0.029080472
10/9/2024,0,0.028686254
10/10/2024,0,0.028265228
10/11/2024,0,0.027821518
10/12/2024,0,0.027359249
10/13/2024,0,0.026882545
10/14/2024,0,0.02639553
10/15/2024,0,0.025902328
10/16/2024,0,0.025407064
10/17/2024,0,0.024913862
10/18/2024,0,0.024426847
10/19/2024,0,0.023950143
10/20/2024,0,0.023487873
10/21/2024,0,0.023044164
10/22/2024,1.524,0.022623138
10/23/2024,0.254,0.02222892
10/24/2024,0.508,0.021865635
10/25/2024,0,0.021537407
10/26/2024,0,0.021248359
10/27/2024,0,0.021002618
10/28/2024,0,0.020804306
10/29/2024,0,0.020657548
10/30/2024,44.704,0.020566469
10/31/2024,0,0.020535193
11/1/2024,0,0.020968797
11/2/2024,20.32,0.02223019
11/3/2024,15.24,0.024260245
11/4/2024,5.334,0.026999834
11/5/2024,2.54,0.030389829
11/6/2024,0,0.034371102
11/7/2024,0,0.038884525
11/8/2024,0,0.043870971
11/9/2024,4.064,0.049271311
11/10/2024,0,0.055026418
11/11/2024,0,0.061077165
11/12/2024,0,0.067364422
11/13/2024,10.668,0.073829064
11/14/2024,0,0.08041196
11/15/2024,0,0.087053985
11/16/2024,0.254,0.093696009
11/17/2024,0,0.100278906
11/18/2024,12.7,0.106743547
11/19/2024,0,0.113030805
11/20/2024,0,0.119081551
11/21/2024,0,0.124836658
11/22/2024,0,0.130236999
11/23/2024,0,0.135223445
11/24/2024,0,0.139736868
11/25/2024,0,0.143718141
11/26/2024,0,0.147108135
11/27/2024,0,0.149847724
11/28/2024,0,0.151877779
11/29/2024,0,0.153139173
11/30/2024,0,0.153572776
12/1/2024,0,0.153515322
12/2/2024,0,0.153339073
12/3/2024,0,0.153038202
12/4/2024,0.762,0.15260688
12/5/2024,0,0.15203928
12/6/2024,0,0.151329574
12/7/2024,0,0.150471935
12/8/2024,0,0.149460533
12/9/2024,0,0.148289541
12/10/2024,0,0.146953132
12/11/2024,0,0.145445477
12/12/2024,0,0.143760749
12/13/2024,0,0.141893119
12/14/2024,0,0.13983676
12/15/2024,1.681574074,0.137585844
12/16/2024,4.160425926,0.135134543
12/17/2024,0,0.132477028
12/18/2024,0.762,0.129607473
12/19/2024,0,0.126520048
12/20/2024,0,0.123208927
12/21/2024,0,0.119668281
12/22/2024,0,0.115892283
12/23/2024,0,0.111875104
12/24/2024,0,0.107610917
12/25/2024,0,0.103093893
12/26/2024,0.508,0.098318205
12/27/2024,14.986,0.093278025
12/28/2024,0,0.087967525
12/29/2024,0,0.082380877
12/30/2024,17.526,0.076512253
12/31/2024,1.778,0.070355825
