Date,Rainfall (mm/day),seasonal,Day,dom_weekly_fraction,ind_weekly_fraction,Q_domestic,Q_industrial,Q_RDI,h,inf_list,Q_inf,SCF,Q_inf_SCF,Influent (m3/day),Storage_V m3,Discharge_sewer m3/day,Influent (MGD)
2024-01-01,0.0,0.070468748,Mon,1.0,1.0,154000.00000000003,2400.0,0.0,0.0,0.0,0.0,0.4512310397158733,0.0,156400.00000000003,163847.61904761908,156045.35147392293,41.22284018743622
2024-01-02,0.0,0.070801018,Tue,1.0,1.0,154000.00000000003,2400.0,0.0,0.0,0.0,0.0,0.451868274393469,0.0,156400.00000000003,164202.26757369618,156383.11197494873,41.31206711424885
2024-01-03,0.0,0.071342884,Wed,1.0,1.0,154000.00000000003,2400.0,0.0,0.0,0.0,0.0,0.4529030010602786,0.0,156400.00000000003,164219.1555987475,156399.19580833093,41.31631601552564
2024-01-04,0.0,0.072084598,Thu,1.0,1.0,154000.00000000003,2400.0,0.0,0.0,0.0,0.0,0.45431046854267065,0.0,156400.00000000003,164219.9597904166,156399.96170515864,41.31651834415787
2024-01-05,0.0,0.073016412,Fri,1.0,1.2,154000.00000000003,2880.0,0.0,0.0,0.0,0.0,0.4560643721864306,0.0,156880.00000000003,164699.99808525798,156857.141033579,41.437292402561155
2024-01-06,0.0,0.074128575,Sat,0.95,0.25,146300.00000000003,600.0,0.0,0.0,0.0,0.0,0.4581373458543377,0.0,146900.00000000003,154742.857051679,147374.1495730276,38.932149905301564
2024-01-07,0.0,0.075411339,Sun,0.95,0.25,146300.00000000003,600.0,0.0,0.0,0.0,0.0,0.4605014432502153,0.0,146900.00000000003,154268.70747865143,146922.57855109658,38.81285740543206
2024-01-08,0.0,0.076854955,Mon,1.0,1.0,154000.00000000003,2400.0,0.0,0.0,0.0,0.0,0.46312855796439684,0.0,156400.00000000003,163746.12892755488,155948.69421671893,41.19730602939151
2024-01-09,0.0,0.078449672,Tue,1.0,1.0,154000.00000000003,2400.0,0.0,0.0,0.0,0.0,0.46599079687552847,0.0,156400.00000000003,164197.43471083598,156378.5092484152,41.31085120196101
2024-01-10,0.0,0.080185744,Wed,1.0,1.0,154000.00000000003,2400.0,0.0,0.0,0.0,0.0,0.4690608097354089,0.0,156400.00000000003,164218.9254624208,156398.97663087695,41.31625811494051
2024-01-11,0.0,0.082053419,Thu,1.0,1.0,154000.00000000003,2400.0,0.0,0.0,0.0,0.0,0.4723120269419633,0.0,156400.00000000003,164219.94883154388,156399.95126813703,41.31651558698715
2024-01-12,0.0,0.08404295,Fri,1.0,1.2,154000.00000000003,2880.0,0.0,0.0,0.0,0.0,0.47571887860385165,0.0,156880.00000000003,164699.99756340688,156857.14053657796,41.4372922712673
2024-01-13,0.0,0.086144586,Sat,0.95,0.25,146300.00000000003,600.0,0.0,0.0,0.0,0.0,0.4792569244928863,0.0,146900.00000000003,154742.85702682895,147374.1495493609,38.932149899049485
2024-01-14,0.0,0.088348579,Sun,0.95,0.25,146300.00000000003,600.0,0.0,0.0,0.0,0.0,0.4829029635043761,0.0,146900.00000000003,154268.70747746807,146922.5785499696,38.812857405134345
2024-01-15,0.0,0.09064518,Mon,1.0,1.0,154000.00000000003,2400.0,0.0,0.0,0.0,0.0,0.4866350823084366,0.0,156400.00000000003,163746.1289274985,155948.69421666523,41.19730602937733
2024-01-16,0.0,0.093024639,Tue,1.0,1.0,154000.00000000003,2400.0,0.0,0.0,0.0,0.0,0.4904326758176903,0.0,156400.00000000003,164197.4347108333,156378.50924841265,41.31085120196033
2024-01-17,0.0,0.095477208,Wed,1.0,1.0,154000.00000000003,2400.0,0.0,0.0,0.0,0.0,0.49427644359238476,0.0,156400.00000000003,164218.92546242068,156398.97663087683,41.31625811494048
2024-01-18,0.0,0.097993137,Thu,1.0,1.0,154000.00000000003,2400.0,0.0,0.0,0.0,0.0,0.4981483523608654,0.0,156400.00000000003,164219.94883154388,156399.95126813703,41.31651558698715
2024-01-19,0.0,0.100562678,Fri,1.0,1.2,154000.00000000003,2880.0,0.0,0.0,0.0,0.0,0.5020315938792874,0.0,156880.00000000003,164699.99756340688,156857.14053657796,41.4372922712673
2024-01-20,0.0,0.10317608,Sat,0.95,0.25,146300.00000000003,600.0,0.0,0.0,0.0,0.0,0.505910516232555,0.0,146900.00000000003,154742.85702682895,147374.1495493609,38.932149899049485
2024-01-21,0.0,0.105823595,Sun,0.95,0.25,146300.00000000003,600.0,0.0,0.0,0.0,0.0,0.5097705630863354,0.0,146900.00000000003,154268.70747746807,146922.5785499696,38.812857405134345
2024-01-22,0.0,0.108495474,Mon,1.0,1.0,154000.00000000003,2400.0,0.0,0.0,0.0,0.0,0.5135981922642885,0.0,156400.00000000003,163746.1289274985,155948.69421666523,41.19730602937733
2024-01-23,3.33375,0.111181968,Tue,1.0,1.0,154000.00000000003,2400.0,5334.0,3.140375,0.09336250000000003,4154.631250000001,0.517380798945754,2149.5264354499973,163883.52643545004,171680.9611462833,163505.67728217458,43.193650696271895
2024-01-24,2.140185185,0.113873327,Wed,1.0,1.0,154000.00000000003,2400.0,3424.296296,4.8925041665,0.22963921295000006,10218.944976275003,0.521106634973869,5325.16002956979,165149.4563255698,173324.74018967853,165071.18113302716,43.60721325643118
2024-01-25,13.62898148,0.116559802,Thu,1.0,1.0,154000.00000000003,2400.0,21806.370368,16.80933708185,1.156503995255,51464.427788847504,0.5247647328483303,27006.716699806744,205213.08706780677,213466.64612445814,203301.56773757917,53.70661770787819
2024-01-26,5.934898148,0.119231645,Fri,1.0,1.2,154000.00000000003,2880.0,9495.8370368,20.609811706865,1.4520964660895,64618.292740982746,0.5283448283644719,34140.74078743973,200516.57782423974,210681.6562111187,200649.19639154163,53.0059349955597
2024-01-27,4.1275,0.121879106,Sat,0.95,0.25,146300.00000000003,600.0,6604.000000000001,22.4035805361785,1.5916118194805502,70826.72596688448,0.5318372816464177,37668.29340614359,191172.2934061436,201204.7532257207,191623.57450068637,50.62161681315535
2024-01-28,2.140185185,0.124492436,Sun,0.95,0.25,146300.00000000003,600.0,3424.296296,22.22938914906065,1.578063600482495,70223.83022147103,0.5352330090418027,37586.11195587862,187910.40825187863,197491.58697691295,188087.22569229803,49.68741185031424
2024-01-29,13.88936508,0.127061886,Mon,1.0,1.0,154000.00000000003,2400.0,22222.984128,32.64687880615458,2.3883127960342456,106279.91942352393,0.5385234125631837,57234.224894896295,235857.20902289634,245261.57030751125,233582.44791191546,61.705983740708525
2024-01-30,3.319134921,0.129577706,Tue,1.0,1.0,154000.00000000003,2400.0,5310.6158736,32.50941235443912,2.377620960900821,105804.13276008653,0.5417003124951137,57314.13177941338,219024.74765301342,230703.8700486092,219717.97147486592,58.043374819336854
2024-01-31,0.0,0.132030148,Wed,1.0,1.0,154000.00000000003,2400.0,0.0,29.398471118995207,2.135658864810739,95036.81948407787,0.5447558880151009,51771.86699217968,208171.8669921797,219157.765565923,208721.68149135524,55.13846095703114
2024-02-01,0.0,0.134438713,Thu,1.0,1.0,154000.00000000003,2400.0,0.0,26.598624007095687,1.9178929783296648,85346.23753567008,0.5477183660187557,46745.70176888581,203145.70176888583,213581.7858434536,203411.22461281295,53.73558600331614
2024-02-02,0.0,0.136833851,Fri,1.0,1.2,154000.00000000003,2880.0,0.0,24.078761606386117,1.7219036804966983,76624.71378210308,0.5506277121759642,42191.690845977486,199071.69084597751,209242.25207661817,199278.3353110649,52.643791639760266
2024-02-03,0.0,0.139222239,Sat,0.95,0.25,146300.00000000003,600.0,0.0,21.810885445747505,1.5455133124470284,68775.34240389276,0.5534935753192411,38066.71016093562,184966.71016093565,194930.6269264889,185648.21612046563,49.04309338234581
2024-02-04,0.0,0.141610551,Sun,0.95,0.25,146300.00000000003,600.0,0.0,19.769796901172754,1.3867619812023255,61710.90816350349,0.5563251372976785,34331.32945682551,181231.32945682554,190513.74026284882,181441.65739318935,47.93183760628026
2024-02-05,0.0,0.144005463,Mon,1.0,1.0,154000.00000000003,2400.0,0.0,17.93281721105548,1.2438857830820929,55352.91734715313,0.559131152892153,30949.540492257784,187349.5404922578,196421.62336191727,187068.2127256355,49.41821697666448
2024-02-06,0.0,0.14641365,Tue,1.0,1.0,154000.00000000003,2400.0,0.0,16.27953548994993,1.1152972047738836,49630.72561243782,0.5619199745711697,27888.49607408976,184288.49607408978,193641.90671037155,184420.8635336872,48.71886097772426
2024-02-07,0.0,0.148841788,Wed,1.0,1.0,154000.00000000003,2400.0,0.0,14.791581940954936,0.9995674842964951,44480.753051194035,0.5646995784518968,25118.262497232194,181518.26249723224,190739.3056739166,181656.48159420627,47.988588183104675
2024-02-08,0.0,0.151296553,Thu,1.0,1.0,154000.00000000003,2400.0,0.0,13.452423746859443,0.8954107358668456,39845.77774607463,0.5674775826758512,22611.58563518166,179011.5856351817,188094.409714892,179137.53306180192,47.323152065906186
2024-02-09,0.0,0.15378462,Fri,1.0,1.2,154000.00000000003,2880.0,0.0,12.247181372173499,0.8016696622801611,35674.29997146717,0.5702612624029366,20343.671337069914,177223.67133706994,186180.54799016003,177314.8076096762,46.841638715403676
2024-02-10,0.0,0.156312664,Sat,0.95,0.25,146300.00000000003,600.0,0.0,11.162463234956148,0.7173026960521449,31919.969974320447,0.5730575641323179,18291.980240660803,165191.98024066084,174057.72062114466,165769.25773442347,43.791625671835675
2024-02-11,0.0,0.158887361,Sun,0.95,0.25,146300.00000000003,600.0,0.0,10.186216911460534,0.6413724264469304,28541.0729768884,0.5758731174490954,16436.036670542857,163336.03667054288,171624.49955726406,163451.9043402515,43.179445381148014
2024-02-12,0.0,0.161515386,Mon,1.0,1.0,154000.00000000003,2400.0,0.0,9.30759522031448,0.5730351838022374,25500.065679199564,0.5787142413746658,14757.251164542127,171157.25116454216,179329.84638155473,170790.32988719497,45.11805323259435
2024-02-13,0.0,0.164203416,Tue,1.0,1.0,154000.00000000003,2400.0,0.0,8.516835698283032,0.5115316654220137,22763.15911127961,0.5815869544384373,13238.756380926674,169638.7563809267,178178.27287528646,169693.59321455852,44.82832591834399
2024-02-14,4.572,0.166958124,Wed,1.0,1.0,154000.00000000003,2400.0,7315.2,11.919952128454728,0.7762184988798122,34541.723200151646,0.5844969736537841,20189.53267527534,183904.7326752754,192389.41233600333,183228.0117485746,48.40374272498213
2024-02-15,0.254,0.169786188,Thu,1.0,1.0,154000.00000000003,2400.0,406.4,11.096556915609256,0.712176648991831,31691.86088013648,0.5874497283735706,18617.37506568916,175423.77506568917,184585.1756531179,175795.4053839218,46.44025492190326
2024-02-16,0.0,0.172694281,Fri,1.0,1.2,154000.00000000003,2880.0,0.0,10.12690122404833,0.636758984092648,28335.774792122837,0.5904503531204303,16730.868231949917,173610.86823194995,182400.63850114605,173714.8938106153,45.890641650604636
2024-02-17,0.0,0.175689081,Sat,0.95,0.25,146300.00000000003,600.0,0.0,9.254211101643497,0.5688830856833832,25315.297312910552,0.5935037007840409,15024.722641660699,161924.72264166072,170610.46733219147,162486.15936399187,42.92432242847984
2024-02-18,0.0,0.178777262,Sun,0.95,0.25,146300.00000000003,600.0,0.0,8.468789991479147,0.5077947771150448,22596.867581619495,0.5966143356325593,13481.615139584832,160381.61513958487,168505.92310778447,160481.8315312233,42.39483478176031
2024-02-19,5.842,0.1819655,Mon,1.0,1.0,154000.00000000003,2400.0,9347.199999999999,13.019710992331232,0.8617552994035405,38348.11082345755,0.5997865415825403,23000.680767025588,188747.88076702564,196771.97234358682,187401.87842246363,49.50636217013841
2024-02-20,0.0,0.185260469,Tue,1.0,1.0,154000.00000000003,2400.0,0.0,11.85773989309811,0.7713797694631863,34326.39974111179,0.6030243201921405,20699.653868527603,177099.65386852762,186469.7477896508,177590.2359901436,46.914399230240214
2024-02-21,0.0,0.188668847,Wed,1.0,1.0,154000.00000000003,2400.0,0.0,10.8119659037883,0.6900417925168677,30706.859767000613,0.6063313986717295,18618.53323134214,175018.53323134215,183898.04503084935,175140.99526747555,46.26737797688376
2024-02-22,0.0,0.192197308,Thu,1.0,1.0,154000.00000000003,2400.0,0.0,9.87076931340947,0.616837613265181,27449.273790300558,0.6097112243340727,16736.130329765325,173136.13032976535,181893.18009313915,173231.60008870394,45.76296889602551
2024-02-23,0.0,0.195852528,Fri,1.0,1.2,154000.00000000003,2880.0,0.0,9.023692382068523,0.550953851938663,24517.446411270503,0.6131669731094322,15033.288404371446,171913.28840437147,180574.86840880668,171976.06515124446,45.43129149847559
2024-02-24,0.0,0.199641181,Sat,0.95,0.25,146300.00000000003,600.0,0.0,8.26132314386167,0.4916584667447967,21878.80177014345,0.6167015487574545,13492.690936604804,160392.69093660483,168991.49419416705,160944.280184921,42.51700084929268
2024-02-25,0.0,0.203569945,Sun,0.95,0.25,146300.00000000003,600.0,0.0,7.5751908294755035,0.43829262007031694,19504.021593129102,0.6203175920063954,12098.687709090584,158998.68770909062,167045.90171833668,159091.33496984447,42.02750427822732
2024-02-26,0.0,0.207645493,Mon,1.0,1.0,154000.00000000003,2400.0,0.0,6.957671746527953,0.39026335806328527,17366.719433816193,0.6240174762588624,10837.13643198572,167237.13643198574,175191.70318047795,166849.24112426472,44.07692723490051
2024-02-27,0.0,0.211874503,Tue,1.0,1.0,154000.00000000003,2400.0,0.0,6.401904571875158,0.3470370222569567,15443.147490434574,0.627803321448984,9695.259288121368,166095.2592881214,174437.72134433463,166131.1631850806,43.88723102255254
2024-02-28,0.0,0.216263648,Wed,1.0,1.0,154000.00000000003,2400.0,0.0,5.901714114687643,0.3081333200312611,13711.932741391118,0.6316769902226521,8661.512404217381,165061.5124042174,173368.07056347144,165112.44815568707,43.6181148556397
2024-02-29,0.0,0.220819605,Thu,1.0,1.0,154000.00000000003,2400.0,0.0,5.451542703218879,0.27311998802813503,12153.839467252008,0.635640101899268,7725.467757431412,164125.46775743144,172381.0901652158,164172.46682401505,43.36979794104603
2024-03-01,0.0,0.2258728,Fri,1.0,1.2,154000.00000000003,2880.0,0.0,5.046388432896991,0.24160798922532153,10751.555520526808,0.6399693585723528,6880.6660901265805,163760.66609012662,171969.28943132737,163780.2756488832,43.266191944566955
2024-03-02,0.0,0.231716624,Sat,0.95,0.25,146300.00000000003,600.0,0.0,4.681749589607291,0.21324719030278935,9489.499968474127,0.6448922498418457,6119.704984543403,153019.70498454344,161208.71876698761,153532.11311141678,40.55891253824996
2024-03-03,0.0,0.238302202,Sun,0.95,0.25,146300.00000000003,600.0,0.0,4.353574630646562,0.18772247127251038,8353.649971626712,0.6503369301334302,5432.687077956932,152332.68707795697,160009.2927335278,152389.8026033598,40.257145884688796
2024-03-04,0.254,0.24558066,Mon,1.0,1.0,154000.00000000003,2400.0,406.4,4.286817167581906,0.18253022414525938,8122.594974464042,0.6562332760459847,5330.31711008719,162136.71711008722,169756.20724025523,161672.5783240526,42.7093969541087
2024-03-05,0.0,0.253503122,Tue,1.0,1.0,154000.00000000003,2400.0,0.0,3.998135450823715,0.16007720173073342,7123.435477017637,0.6625138987255358,4719.375010198752,161119.37501019877,169203.0039264014,161145.7180251442,42.570215122046015
2024-03-06,0.0,0.262020714,Wed,1.0,1.0,154000.00000000003,2400.0,0.0,3.7383219057413433,0.13986948155766005,6224.191929315872,0.6691148796180145,4164.699433503607,160564.69943350364,168621.98533476086,160592.36698548653,42.42403517333302
2024-03-07,1.778,0.271084559,Thu,1.0,1.0,154000.00000000003,2400.0,2844.8,5.104689715167209,0.24614253340189401,10953.342736384284,0.6759762448692164,7404.199491706555,166648.99949170658,174678.6178409809,166360.5884199818,43.947838786282546
2024-03-08,4.064,0.280645784,Fri,1.0,1.2,154000.00000000003,2880.0,6502.4,8.391820743650488,0.5018082800617046,22330.468462745856,0.68304223216439,15252.653024070443,178635.05302407045,186953.08244506957,178050.55470959007,47.036002628404866
2024-03-09,0.0,0.290655512,Sat,0.95,0.25,146300.00000000003,600.0,0.0,7.692638669285438,0.4474274520555342,19910.521616471273,0.6902613698809718,13743.463926030161,160643.46392603018,169545.99166150967,161472.3730109616,42.65650828073091
2024-03-10,0.0,0.301064869,Sun,0.95,0.25,146300.00000000003,600.0,0.0,7.063374802356894,0.3984847068499807,17732.56945482414,0.6975864308632143,12369.999836024825,159269.99983602486,167343.61848657293,159374.87474911707,42.10240759894359
2024-03-11,0.0,0.31182498,Mon,1.0,1.0,154000.00000000003,2400.0,0.0,6.497037322121205,0.35443623616498265,15772.412509341728,0.7049742772309981,11119.145108962339,167519.14510896237,175487.88884641824,167131.32271087452,44.151445341686774
2024-03-12,0.0,0.32288697,Tue,1.0,1.0,154000.00000000003,2400.0,0.0,5.987333589909085,0.3147926125484844,14008.271258407556,0.7123856389029685,9979.291270346757,166379.2912703468,174735.8574058905,166415.1022913243,43.96223983434405
2024-03-13,0.0,0.334201962,Wed,1.0,1.0,154000.00000000003,2400.0,0.0,5.528600230918176,0.27911335129363596,12420.5441325668,0.7197848452791542,8940.119436742501,165340.11943674253,173660.87455130875,165391.3090964845,43.69178215741083
2024-03-14,11.684,0.345721084,Thu,1.0,1.0,154000.00000000003,2400.0,18694.399999999998,15.631340207826359,1.0648820161642725,47387.24971931012,0.7271395378216085,34457.14285953631,209551.54285953633,217821.10831436058,207448.6745851053,54.80216795145184
2024-03-15,0.0,0.357395458,Fri,1.0,1.2,154000.00000000003,2880.0,0.0,14.208206187043722,0.9541938145478452,42461.624747379115,0.7344203609638165,31184.68177408029,188064.68177408032,198437.1155033356,188987.7290507958,49.92529978279653
2024-03-16,0.0,0.369176211,Sat,0.95,0.25,146300.00000000003,600.0,0.0,12.927385568339348,0.8545744330930606,38028.5622726412,0.7416006682029075,28202.00719218659,175102.0071921866,184551.3936447264,175763.23204259656,46.43175562028857
2024-03-17,0.0,0.381014466,Sun,0.95,0.25,146300.00000000003,600.0,0.0,11.774647011505413,0.7649169897837544,34038.806045377074,0.748656223985086,25483.36400289272,172383.36400289275,181171.5256050226,172544.3101000215,45.58140600358257
2024-03-18,0.0,0.39286135,Mon,1.0,1.0,154000.00000000003,2400.0,0.0,10.737182310354871,0.684225290805379,30448.025440839363,0.755564929527929,23005.46019647238,179405.4601964724,188032.6757014735,179078.73876330807,47.307620248086224
2024-03-19,0.0,0.404667987,Tue,1.0,1.0,154000.00000000003,2400.0,0.0,9.803464079319385,0.6116027617248411,27216.322896755428,0.762306555813819,20747.181369342412,177147.18136934243,186101.11830750786,177239.16029286463,46.82165479904809
2024-03-20,0.0,0.416385501,Wed,1.0,1.0,154000.00000000003,2400.0,0.0,8.963117671387446,0.546242485552357,24307.790607079885,0.7688625002192638,18689.348660965778,175089.3486609658,183951.30667560903,175191.72064343715,46.280778209873475
2024-03-21,0.0,0.427965018,Thu,1.0,1.0,154000.00000000003,2400.0,0.0,8.206805904248702,0.4874182369971212,21690.111546371896,0.7752155601953002,16814.51197311924,173214.51197311928,181974.09800529116,173308.66476694396,45.78332723983504
2024-03-22,10.922,0.439357662,Fri,1.0,1.2,154000.00000000003,2880.0,17475.2,17.35592531382383,1.1990164132974093,53356.23039173471,0.7813497208899969,41689.87572432429,216045.07572432433,224710.50896267153,214010.00853587766,56.535489824319605
2024-03-23,0.0,0.450514559,Sat,0.95,0.25,146300.00000000003,600.0,0.0,15.760332782441447,1.0749147719676682,47833.707352561236,0.7872499633863776,37657.084361938534,184557.08436193856,195257.58478873243,185959.60456069754,49.125353544450284
2024-03-24,12.954,0.461386834,Sun,0.95,0.25,146300.00000000003,600.0,20726.4,25.982899504197302,1.8700032947709013,83215.14661730512,0.792902083855547,65981.46316120609,233607.86316120613,242905.84338924102,231338.8984659438,61.11330039967766
2024-03-25,9.398,0.47192561,Mon,1.0,1.0,154000.00000000003,2400.0,15036.8,31.98280955377757,2.3366629652938116,103981.50195557461,0.7982925269933389,83007.65595667846,254444.4559566785,266011.4008799757,253344.19131426257,66.92648651381556
2024-03-26,9.398,0.482082014,Tue,1.0,1.0,154000.00000000003,2400.0,15036.8,37.382728598399815,2.75665666876443,122671.22176001714,0.8034082343243907,98555.06967663114,269991.8696766312,282659.0792423443,269199.12308794697,71.11491835440467
2024-03-27,0.0,0.49180717,Wed,1.0,1.0,154000.00000000003,2400.0,0.0,33.784455738559835,2.4767910018879875,110217.19958401544,0.8082364953172481,89081.56311546628,245481.56311546633,258941.51926986367,246610.9707332035,65.14775697565217
2024-03-28,0.0,0.501052202,Thu,1.0,1.0,154000.00000000003,2400.0,0.0,30.54601016470385,2.2249119016991887,99008.5796256139,0.8127648112709104,80470.68953361298,236870.689533613,249201.2380702732,237334.5124478792,62.69717479688573
2024-03-29,0.0,0.509768237,Fri,1.0,1.2,154000.00000000003,2880.0,0.0,27.631409148233466,1.9982207115292698,88920.82166305251,0.8169807647622316,72646.60088556664,229526.60088556667,241393.32650796065,229898.40619805775,60.7327624215231
2024-03-30,0.0,0.517906398,Sat,0.95,0.25,146300.00000000003,600.0,0.0,25.008268233410117,1.7941986403763428,79841.83949674726,0.8208718879893903,65539.92152824078,212439.9215282408,223934.8418381437,213271.27794108924,56.34033775498275
2024-03-31,0.0,0.525417811,Sun,0.95,0.25,146300.00000000003,600.0,0.0,22.647441410069103,1.6105787763387083,71670.75554707252,0.8244255396810438,59087.201321243425,205987.20132124345,216650.76521829792,206334.0621126647,54.50771834825414
2024-04-01,1.778,0.532451992,Mon,1.0,1.0,154000.00000000003,2400.0,2844.8,22.12289726906219,1.5697808987048372,69855.24999236525,0.8277213108107881,57820.67909069586,217065.47909069588,227382.18219632911,216554.45923459914,57.20766290430869
2024-04-02,6.604,0.539204455,Tue,1.0,1.0,154000.00000000003,2400.0,10566.4,25.99420754215597,1.8708828088343534,83254.28499312873,0.8308565377198038,69172.36697972876,236138.76697972877,246966.48994145874,235206.18089662737,62.13492881791599
2024-04-03,0.0,0.545695318,Wed,1.0,1.0,154000.00000000003,2400.0,0.0,23.534786787940373,1.679594527950918,74741.95649381584,0.8338444995472925,62323.16930777138,218723.1693077714,230483.47835260277,219508.07462152644,57.98792591067452
2024-04-04,0.0,0.551944701,Thu,1.0,1.0,154000.00000000003,2400.0,0.0,21.321308109146337,1.5074350751558263,67080.86084443427,0.8366978836195911,56126.41429991845,212526.41429991848,223501.81803099482,212858.87431523314,56.23139219139622
2024-04-05,0.0,0.557972722,Fri,1.0,1.2,154000.00000000003,2880.0,0.0,19.329177298231702,1.3524915676402436,60185.87475999084,0.8394288482835419,50521.759532716605,207401.75953271665,218044.70324847833,207661.62214140792,54.85842277095689
2024-04-06,1.016,0.563799501,Sat,0.95,0.25,146300.00000000003,600.0,1625.6,18.450659568408533,1.2841624108762193,57145.22728399176,0.8420490808773544,48119.08611101277,196644.68611101282,207027.76721808323,197169.30211246022,52.0866437486191
2024-04-07,2.794,0.569445157,Sun,0.95,0.25,146300.00000000003,600.0,4470.4,19.26019361156768,1.3471261697885974,59947.11455559258,0.8445698450950422,50629.52525411158,201999.9252541116,211858.3903597346,201769.8955806996,53.30199253996255
2024-04-08,0.0,0.574929809,Mon,1.0,1.0,154000.00000000003,2400.0,0.0,17.47417425041091,1.2082135528097377,53765.50310003333,0.8470020236954311,45539.48993073121,201939.48993073124,212027.98470976623,201931.41400930117,53.3446612148489
2024-04-09,0.0,0.580273577,Tue,1.0,1.0,154000.00000000003,2400.0,0.0,15.866756825369821,1.083192197528764,48202.05279002999,0.8493561554882734,40940.71024438267,197340.7102443827,207437.28094484776,197559.31518556928,52.1896743511454
2024-04-10,0.0,0.585496579,Wed,1.0,1.0,154000.00000000003,2400.0,0.0,14.420081142832839,0.9706729777758876,43194.947511027,0.8516424655081922,36786.65159578798,193186.65159578802,203064.6173550665,193394.8736714919,51.08954477097379
2024-04-11,1.27,0.590618934,Thu,1.0,1.0,154000.00000000003,2400.0,2032.0,14.261073028549553,0.9583056799982987,42644.602759924295,0.8538708933417856,36412.98505482213,194844.98505482217,204514.72873839678,194775.93213180645,51.45438199080323
2024-04-12,0.0,0.595660762,Fri,1.0,1.2,154000.00000000003,2880.0,0.0,12.974965725694599,0.8582751119984688,38193.24248393186,0.856051116083165,32695.367855204822,189575.36785520485,199314.16446179518,189823.01377313826,50.14595876619396
2024-04-13,0.0,0.600642182,Sat,0.95,0.25,146300.00000000003,600.0,0.0,11.817469153125138,0.768247600798622,34187.01823553868,0.858192566805874,29339.04493099616,176239.0449309962,185730.19561965312,176885.90059014581,46.72833341438466
2024-04-14,0.0,0.605583313,Sun,0.95,0.25,146300.00000000003,600.0,0.0,10.775722237812623,0.6872228407187597,30581.416411984806,0.8603044510624976,26309.328659026247,173209.32865902627,182053.62368853358,173384.4035128891,45.80333530922387
2024-04-15,0.0,0.610504274,Mon,1.0,1.0,154000.00000000003,2400.0,0.0,9.838150014031362,0.6143005566468837,27336.374770786322,0.8623957599659224,23574.77369516554,179974.77369516558,188643.99387081005,179660.9465436286,47.46142334479716
2024-04-16,11.684,0.615425185,Tue,1.0,1.0,154000.00000000003,2400.0,18694.399999999998,19.509935012628222,1.3665505009821954,60811.4972937077,0.8644752809786256,52570.03620970889,227664.43620970892,236647.48353689036,225378.55574941938,59.538743689433744
2024-04-17,0.254,0.620366163,Wed,1.0,1.0,154000.00000000003,2400.0,406.4,17.9275415113654,1.2434754508839758,55334.65756433692,0.8665516041163163,47950.336275603215,204756.73627560324,216025.66406307422,205738.72767911828,54.350447554985664
2024-04-18,8.89,0.62534733,Thu,1.0,1.0,154000.00000000003,2400.0,14224.0,24.27578736022886,1.7372279057955784,77306.64180790324,0.8686331309465937,67151.11031656583,237775.11031656584,248062.04670052178,236249.5682862112,62.41056273592853
2024-04-19,0.0,0.630388803,Fri,1.0,1.2,154000.00000000003,2880.0,0.0,21.988208624205974,1.5593051152160204,69389.07762711291,0.8707280739513008,60419.01791551332,217299.01791551337,229111.49632982395,218201.4250760228,57.64274545584833
2024-04-20,0.0,0.635510702,Sat,0.95,0.25,146300.00000000003,600.0,0.0,19.929387761785375,1.3991746036944184,62263.26986440162,0.8728444615643577,54346.15026002993,201246.15026002994,212156.2215138311,202053.54429888673,53.37692463930902
2024-04-21,0.0,0.640733146,Sun,0.95,0.25,146300.00000000003,600.0,0.0,18.076448985606838,1.2550571433249764,55850.04287796145,0.8749901364730143,48868.23663981119,195768.23663981122,205870.91385475558,196067.53700452912,51.79558806167076
2024-04-22,0.0,0.646076254,Mon,1.0,1.0,154000.00000000003,2400.0,0.0,16.408804087046157,1.1253514289924789,50078.13859016531,0.8771727544709387,43927.178765912715,200327.17876591274,210130.5556161392,200124.3386820373,52.86728219189924
2024-04-23,0.0,0.651560145,Tue,1.0,1.0,154000.00000000003,2400.0,0.0,14.907923678341541,1.008616286093231,44883.424731148785,0.8793997815134895,39470.473902149395,195870.47390214942,205876.6908362513,196073.0388916679,51.79704150717304
2024-04-24,0.0,0.657204938,Wed,1.0,1.0,154000.00000000003,2400.0,0.0,13.557131310507389,0.903554657483908,40208.18225803391,0.8816784895538587,35450.6894009696,191850.68940096963,201654.34134555302,192051.75366243144,50.73472983439877
2024-04-25,0.0,0.663030754,Thu,1.0,1.0,154000.00000000003,2400.0,0.0,12.34141817945665,0.8089991917355173,36000.46403223052,0.8840159521183867,31824.984488156,188224.98448815604,197827.57217127763,188407.21159169296,49.77194322192126
2024-04-26,17.018,0.66905771,Fri,1.0,1.2,154000.00000000003,2880.0,27228.800000000003,26.563476361510986,1.9151592725619657,85224.58762900748,0.8864190357690058,75544.69678991595,259653.496789916,269073.8573695007,256260.8165423816,67.6969777494067
2024-04-27,3.556,0.675305925,Sat,0.95,0.25,146300.00000000003,600.0,5689.6,27.24752872535989,1.9683633453057692,87592.16886610673,0.8888943956507614,77860.18800797738,230449.78800797742,243262.8288350965,231678.8846048538,61.20311527809506
2024-04-28,5.842,0.68179552,Sun,0.95,0.25,146300.00000000003,600.0,9347.199999999999,29.9205758528239,2.1762670107751925,96843.88197949606,0.8914484680077763,86331.33022654765,242578.53022654768,254162.47445679037,242059.4994826575,63.94538490748889
2024-04-29,0.0,0.688546613,Mon,1.0,1.0,154000.00000000003,2400.0,0.0,27.06851826754151,1.9544403096976732,86972.59378154646,0.8940874603217636,77761.10549173928,234161.1054917393,246264.08046587216,234537.2194913068,61.95820782723848
2024-04-30,4.064,0.695579323,Tue,1.0,1.0,154000.00000000003,2400.0,6502.4,28.159266440787356,2.0392762787279057,90747.7944033918,0.8968173447424491,81384.19601808352,244286.59601808354,256013.4569926489,243822.33999299892,64.41107832255923
2024-05-01,2.794,0.703233667,Wed,1.0,1.0,154000.00000000003,2400.0,4470.4,27.997939796708618,2.026728650855115,90189.42496305262,0.899766658980874,81149.43757441209,242019.83757441211,254210.95457406208,242105.67102291627,63.95758214378793
2024-05-02,12.446,0.711784387,Thu,1.0,1.0,154000.00000000003,2400.0,19913.6,36.539545817037755,2.6910757857696037,119752.87246674736,0.9030349046600368,108141.02377077474,284454.6237707748,296559.9073219206,282438.0069732577,74.61226312955735
2024-05-03,0.0,0.72115369,Fri,1.0,1.2,154000.00000000003,2880.0,0.0,33.02559123533398,2.417768207192643,107590.68522007263,0.9065846240437695,97540.06091085108,254420.0609108511,268541.96125951404,255754.24881858478,67.5631566510853
2024-05-04,13.462,0.731263783,Sat,0.95,0.25,146300.00000000003,600.0,21539.2,41.97883211180058,3.114131386473379,138578.84669806538,0.9103789754561242,126159.26847687607,294598.4684768761,307386.18091780535,292748.7437312432,77.33607290392406
2024-05-05,0.0,0.742036874,Sun,0.95,0.25,146300.00000000003,600.0,0.0,37.92094890062052,2.7985182478260406,124534.0620282588,0.9143819535906673,113871.69892598063,260771.69892598066,275409.1361125428,262294.41534527886,69.29088667945582
2024-05-06,0.508,0.753395169,Mon,1.0,1.0,154000.00000000003,2400.0,812.8,34.72605401055848,2.550026423043437,113476.17582543295,0.9185585613157705,104234.5128098251,261447.31280982512,274562.0335770891,261487.6510257991,69.0777619929675
2024-05-07,21.844,0.765260876,Tue,1.0,1.0,154000.00000000003,2400.0,34950.4,51.053048609502625,3.819903780739094,169985.71824288968,0.9228749399487068,156875.55951554462,348225.95951554464,361300.3420668346,344095.5638731758,90.90047415555405
2024-05-08,3.556,0.777556202,Wed,1.0,1.0,154000.00000000003,2400.0,5689.6,49.288143748552365,3.682633402665184,163877.18641860067,0.9272984565778997,151963.06203429715,314052.6620342972,331257.440227956,315483.2764075771,83.34190389088027
2024-05-09,0.0,0.790203354,Thu,1.0,1.0,154000.00000000003,2400.0,0.0,44.49932937369712,3.310170062398666,147302.56777674065,0.9317977568281963,137256.20222940028,293656.2022294003,309430.3660497792,294695.5867140754,77.85037465269956
2024-05-10,0.254,0.803124539,Fri,1.0,1.2,154000.00000000003,2880.0,406.4,40.41799643632741,2.992733056158799,133176.62099906654,0.9363427857353832,124698.9683010913,281985.3683010913,296720.14763679507,282590.61679694767,74.65257839889145
2024-05-11,0.0,0.816241964,Sat,0.95,0.25,146300.00000000003,600.0,0.0,36.51619679269467,2.6892597505429188,119672.05889915989,0.9409047816005932,112600.01244220737,259500.0124422074,273629.54328205483,260599.5650305284,68.84315438235974
2024-05-12,0.0,0.829477838,Sun,0.95,0.25,146300.00000000003,600.0,0.0,33.004577113425206,2.4161337754886274,107517.95300924392,0.9454562477929407,101653.52042249747,248553.5204224975,261583.49867402393,249127.1415943085,65.81245930937692
2024-05-13,8.382,0.842754365,Mon,1.0,1.0,154000.00000000003,2400.0,13411.199999999999,37.38791940208268,2.7570603979397648,122689.18770831953,0.9499709026721068,116551.15839537985,286362.3583953799,298818.7154750953,284589.2528334241,75.18056243139425
2024-05-14,0.0,0.855993755,Tue,1.0,1.0,154000.00000000003,2400.0,0.0,33.78912746187441,2.4771543581457878,110233.36893748755,0.9544236204230332,105209.3310727448,261609.33107274483,275838.7937144161,262703.6130613487,69.3989853308753
2024-05-15,0.0,0.869118214,Wed,1.0,1.0,154000.00000000003,2400.0,0.0,30.550214715686966,2.225238922331209,99023.13204373879,0.9587903524956083,94942.42367743548,251342.4236774355,264477.6043305029,251883.43269571706,66.54059472969033
2024-05-16,0.0,0.882049949,Thu,1.0,1.0,154000.00000000003,2400.0,0.0,27.63519324411827,1.9985150300980878,88933.91883936491,0.9630480445617358,85647.63663346249,242047.6366334625,254641.80826824837,242516.00787452224,64.06598172312174
2024-05-17,0.0,0.894711168,Fri,1.0,1.2,154000.00000000003,2880.0,0.0,25.011673919706443,1.794463527088279,79853.62695542841,0.9671745442582267,77232.39525798292,234112.39525798295,246238.19565170907,234512.56728734195,61.951695400852735
2024-05-18,0.0,0.907024077,Sat,0.95,0.25,146300.00000000003,600.0,0.0,22.650506527735796,1.610817174379451,71681.36425988557,0.9711485021622931,69613.24953393759,216513.2495339376,228238.87789830472,217370.35990314736,57.423201160018955
2024-05-19,18.542,0.918910884,Sun,0.95,0.25,146300.00000000003,600.0,29667.200000000004,37.21325587496222,2.7434754569415065,122084.65783389704,0.974949270509484,119026.34809555789,295593.54809555796,306462.06609071535,291868.63437210984,77.10357249864872
2024-05-20,13.716,0.930293795,Mon,1.0,1.0,154000.00000000003,2400.0,21945.6,45.976330287466006,3.425047911247356,152414.63205050735,0.9785567956568074,149146.3739505558,327491.97395055584,342085.40566916135,325795.6244468203,86.06613932092436
2024-05-21,40.132,0.941095019,Tue,1.0,1.0,154000.00000000003,2400.0,64211.2,77.63749725871939,5.8875831201226205,261997.44884545662,0.9819515102979255,257268.7905879996,477879.9905879996,494169.77181034064,470637.8779146101,124.329432720527
2024-05-22,0.0,0.951236762,Wed,1.0,1.0,154000.00000000003,2400.0,0.0,70.01374753284746,5.294624808110358,235610.80396091094,0.9851142192545702,232103.55319189437,388503.55319189443,412035.447087625,392414.71151202376,103.66504857123107
2024-05-23,0.0,0.960641232,Thu,1.0,1.0,154000.00000000003,2400.0,0.0,63.15237277956271,4.760962327299323,211862.82356481988,0.9880259857143091,209325.97508884792,365725.9750888479,385346.71066444914,366996.86729947536,96.95036133456492
2024-05-24,7.366,0.969230635,Fri,1.0,1.2,154000.00000000003,2880.0,11785.599999999999,63.60653550160643,4.79628609456939,213434.73120833785,0.9906680112139945,211442.96069015755,380108.5606901576,398458.40405513137,379484.19433822035,100.2491657015278
2024-05-25,0.0,0.976927179,Sat,0.95,0.25,146300.00000000003,600.0,0.0,57.38588195144578,4.312457485112451,191904.35808750405,0.993021514003193,190565.15621186417,337465.1562118642,356439.3659287752,339466.0627893097,89.67748877646271
2024-05-26,3.81,0.983653071,Sun,0.95,0.25,146300.00000000003,600.0,6096.0,55.216293756301205,4.1437117366012055,184395.17227875366,0.9950676001662367,183485.6615616592,336481.6615616592,353454.9647011247,336623.77590583306,88.92663566319978
2024-05-27,6.604,0.989330518,Mon,1.0,1.0,154000.00000000003,2400.0,10566.4,55.77826438067108,4.187420562941084,186340.21505087827,0.9967871296333868,185741.52809583297,352707.928095833,369539.11689112464,351942.01608678536,92.97328851743546
2024-05-28,0.0,0.993881727,Tue,1.0,1.0,154000.00000000003,2400.0,0.0,50.34043794260398,3.764478506646976,167519.29354579042,0.9981605739235911,167211.1541889407,323611.15418894077,341208.25499328005,324960.2428507429,85.8454547461815
2024-05-29,0.0,0.997228906,Wed,1.0,1.0,154000.00000000003,2400.0,0.0,45.44639414834358,3.383830655982279,150580.46419121142,0.9991678642405135,150455.16080227782,306855.16080227785,323103.172944815,307717.3075664905,81.29035099671911
2024-05-30,0.0,0.999294261,Thu,1.0,1.0,154000.00000000003,2400.0,0.0,41.041754733509215,3.041247590384051,135335.51777209027,0.9997882259819841,135306.85722571143,291706.85722571146,307092.722604036,292469.2596228914,77.26224097862355
2024-05-31,0.0,1.0,Fri,1.0,1.2,154000.00000000003,2880.0,0.0,37.077579260158295,2.7329228313456455,121615.06599488122,1.0,121615.06599488122,278495.06599488127,293118.5289760259,279160.5037866913,73.74643797810312
2024-06-01,0.0,0.99887477,Sat,0.95,0.25,146300.00000000003,600.0,0.0,33.509821334142465,2.4554305482110808,109266.6593953931,0.9996622979701978,109229.75982272557,256129.7598227256,270087.7850120602,257226.4619162478,67.95207438989378
2024-06-02,0.0,0.995581364,Sun,0.95,0.25,146300.00000000003,600.0,0.0,30.298839200728217,2.2056874933899726,98153.09345585378,0.9986723539953866,98022.78089348668,244922.7808934867,257784.1039892991,245508.67046599914,64.85655991451365
2024-06-03,0.0,0.990243209,Mon,1.0,1.0,154000.00000000003,2400.0,0.0,27.408955280655395,1.9809187440509755,88150.88411026841,0.997062911598034,87891.97717092509,244291.97717092512,256567.41069422508,244349.914946881,64.55044894658201
2024-06-04,16.002,0.982983734,Tue,1.0,1.0,154000.00000000003,2400.0,25603.199999999997,39.20985975258986,2.8987668696458777,128995.12569924156,0.9948644205289469,128332.66097983462,310335.86097983463,322553.3567271787,307193.6730735035,81.15202133282881
2024-06-05,0.0,0.973926364,Wed,1.0,1.0,154000.00000000003,2400.0,0.0,35.42887377733087,2.6046901826812903,115908.71312931742,0.9921054529678316,114993.6663420799,271393.66634207993,286753.3499957551,273098.4285673858,72.14500637114232
2024-06-06,0.0,0.963194528,Thu,1.0,1.0,154000.00000000003,2400.0,0.0,32.025986399597784,2.340021164413161,104130.94181638566,0.9888130785749325,102966.03715236748,259366.03715236753,273020.9585807368,260019.9605530827,68.69003900583628
2024-06-07,0.508,0.950911652,Fri,1.0,1.2,154000.00000000003,2880.0,812.8,29.420587759638007,2.1373790479718453,95113.36763474712,0.9850132006179955,93687.92267545832,251380.72267545835,264381.7207031125,251792.11495534523,66.51647112343055
2024-06-08,0.0,0.937201164,Sat,0.95,0.25,146300.00000000003,600.0,0.0,26.618528983674203,1.9194411431746607,85415.1308712724,0.9807308704488418,83769.25564888472,230669.25564888475,243258.861396652,231675.1060920495,61.20211710014226
2024-06-09,0.0,0.922186491,Sun,0.95,0.25,146300.00000000003,600.0,0.0,24.096676085306783,1.7232970288571943,76686.71778414515,0.9759905818153902,74845.51430766046,221745.5143076605,233329.269612263,222218.35201167903,58.70390578872012
2024-06-10,0.0,0.905991061,Mon,1.0,1.0,154000.00000000003,2400.0,0.0,21.827008476776104,1.546767325971475,68831.14600573064,0.9708165554843816,66822.41607532598,223222.416075326,234333.33367590996,223174.60350086662,58.9565208262425
2024-06-11,0.0,0.8887383,Tue,1.0,1.0,154000.00000000003,2400.0,0.0,19.784307629098496,1.3878905933743275,61761.131405157576,0.9652330166579972,59613.88317841122,216013.88317841126,227172.6133534546,216354.86986043293,57.154936944857475
2024-06-12,0.0,0.870551635,Wed,1.0,1.0,154000.00000000003,2400.0,0.0,17.945876866188645,1.2449015340368947,55398.11826464182,0.9592644735999067,53141.44675555701,209541.44675555703,220359.1902485787,209865.89547483684,55.440730455838825
2024-06-13,0.0,0.851554495,Thu,1.0,1.0,154000.00000000003,2400.0,0.0,16.29128917956978,1.1162113806332052,49671.40643817763,0.9529359993338102,47333.671332480655,203733.67133248068,214226.96610622254,204025.6820059262,53.89790855044136
2024-06-14,0.0,0.831870306,Fri,1.0,1.2,154000.00000000003,2880.0,0.0,14.802160261612801,1.0003902425698847,44517.365794359874,0.946273518837794,42125.60437961816,199005.6043796182,209206.88847991452,199244.65569515666,52.63489442231005
2024-06-15,2.54,0.811622495,Sat,0.95,0.25,146300.00000000003,600.0,4064.0,15.74794423545152,1.073951218312896,47790.82921492388,0.9393041100231947,44890.12230299456,195854.1223029946,205816.35508775245,196015.57627404993,51.78186148238895
2024-06-16,3.302,0.79093449,Sun,0.95,0.25,146300.00000000003,600.0,5283.2,17.28494981190637,1.1934960964816066,53110.57629343149,0.9320563169984584,49502.04813372139,201685.24813372144,211486.02694742396,201415.2637594514,53.20830867976029
2024-06-17,0.0,0.769929718,Mon,1.0,1.0,154000.00000000003,2400.0,0.0,15.696454830715734,1.0699464868334458,47612.61866408834,0.9245604782079557,44020.74548080255,200420.74548080258,210491.50866877515,200468.10349407155,52.95809529062151
2024-06-18,5.588,0.748731606,Tue,1.0,1.0,154000.00000000003,2400.0,8940.8,19.29600934764416,1.3499118381501016,60071.076797679525,0.9168490722835549,55076.11103302665,220416.91103302667,230440.31620773027,219466.96781688597,57.977066636608974
2024-06-19,5.588,0.727463582,Wed,1.0,1.0,154000.00000000003,2400.0,8940.8,22.535608412879743,1.6018806543350914,71283.68911791156,0.9089570805019894,64793.81394802833,230134.61394802836,241107.96233887266,229626.63079892634,60.66096692271811
2024-06-20,9.398,0.706249072,Thu,1.0,1.0,154000.00000000003,2400.0,15036.8,28.880247571591767,2.0953525889015823,93243.19020612042,0.9009223625735115,84004.87521438932,255441.67521438934,266923.00675433566,254212.38738508156,67.15583975978338
2024-06-21,0.0,0.685211505,Fri,1.0,1.2,154000.00000000003,2880.0,0.0,26.13222281443259,1.8816173300114238,83731.97118550836,0.8927860463312147,74754.7355062292,231634.73550622922,244345.35487548332,232709.8617861746,61.47547076437548
2024-06-22,0.0,0.664474306,Sat,0.95,0.25,146300.00000000003,600.0,0.0,23.65900053298933,1.6892555970102816,75171.87406695753,0.8845929171024898,66496.50736495097,213396.50736495102,225032.00045425975,214316.1909088188,56.61637468829501
2024-06-23,0.0,0.644160904,Sun,0.95,0.25,146300.00000000003,600.0,0.0,21.4331004796904,1.5161300373092534,67467.78666026177,0.876391806850527,59128.215455392696,206028.21545539272,216744.02500083367,206422.88095317493,54.53118181469773
2024-06-24,0.254,0.624394726,Mon,1.0,1.0,154000.00000000003,2400.0,406.4,19.65839043172136,1.3780970335783282,61325.31799423561,0.8682359572919376,53244.84617495764,210051.24617495766,220372.3902226164,209878.4668786823,55.44405147095884
2024-06-25,28.702,0.605299198,Tue,1.0,1.0,154000.00000000003,2400.0,45923.200000000004,43.66435138854923,3.2452273302204957,144412.61619481206,0.8601833452424111,124221.32729366183,326544.52729366184,337038.45063759596,320989.00060723425,84.79636303788341
2024-06-26,0.0,0.586997749,Wed,1.0,1.0,154000.00000000003,2400.0,0.0,39.437916249694304,2.9165045971984465,129784.45457533086,0.8522969430436621,110614.89388914352,267014.89388914354,283064.34391950525,269585.08944714785,71.21687992770872
2024-06-27,0.254,0.569613805,Thu,1.0,1.0,154000.00000000003,2400.0,406.4,35.86272462472487,2.6384341374786016,117410.31911779777,0.844644876159028,99170.02445104426,255976.4244510443,269455.6789234017,256624.4561175254,67.79304120756416
2024-06-28,32.766,0.553270794,Fri,1.0,1.2,154000.00000000003,2880.0,52425.6,61.90585216225238,4.664010723730741,207548.477206018,0.83730044803777,173780.43295415578,383086.0329541558,395917.2557600321,377064.0531047925,99.6098317235894
2024-06-29,0.0,0.538092143,Sat,0.95,0.25,146300.00000000003,600.0,0.0,55.855266946027136,4.193409651357667,186606.7294854162,0.8303419798033381,154947.40120554646,301847.40120554646,320700.60386078607,305429.14653408196,80.68588251578613
2024-06-30,0.0,0.524201279,Sun,0.95,0.25,146300.00000000003,600.0,0.0,50.409740251424424,3.7698686862219,167759.15653687454,0.8238524221410839,138208.78744924933,285108.78744924936,300380.24477595347,286076.42359614617,75.5734315691421
2024-07-01,0.0,0.51099831,Mon,1.0,1.0,154000.00000000003,2400.0,0.0,45.50876622628198,3.3886818175997098,150796.34088318708,0.8175716794195228,123286.8176661861,279686.81766618614,293990.63884599344,279991.08461523184,73.96585432363518
2024-07-02,46.99,0.497808897,Tue,1.0,1.0,154000.00000000003,2400.0,75184.0,83.38888960365378,6.334913635839739,281903.6567948684,0.8111829172607032,228675.43070532143,460259.4307053215,474258.9849360831,451675.2237486505,119.32002709050025
2024-07-03,0.0,0.484644797,Wed,1.0,1.0,154000.00000000003,2400.0,0.0,75.1900006432884,5.6972222722557655,253526.39111538156,0.8046871504316941,204009.42922586756,360409.4292258676,382993.1904133002,364755.4194412383,96.35823317454074
2024-07-04,0.508,0.471517767,Thu,1.0,1.0,154000.00000000003,2400.0,812.8,68.26820057895955,5.158860045030188,229569.2720038434,0.7980854965593863,183215.90644196418,340428.7064419642,358666.4774140261,341587.1213466915,90.23781343280953
2024-07-05,0.0,0.458439564,Fri,1.0,1.2,154000.00000000003,2880.0,0.0,61.58138052106359,4.638774040527169,206425.44480345902,0.791379192396299,163360.80179860818,320240.8017986082,337320.1578659428,321257.2932056598,84.86723847764438
2024-07-06,0.0,0.445421945,Sat,0.95,0.25,146300.00000000003,600.0,0.0,55.563242468957235,4.170696636474452,185596.0003231131,0.7845696120030893,145612.9819628301,292512.9819628301,308575.84662311315,293881.7586886792,77.6353839316426
2024-07-07,35.814,0.432476666,Sun,0.95,0.25,146300.00000000003,600.0,57302.4,82.3795182220615,6.256406972827007,278410.1102908018,0.7776582865568441,216507.92932884692,420710.32932884694,435404.4172632809,414670.873584077,109.54450735430957
2024-07-08,0.0,0.419615484,Mon,1.0,1.0,154000.00000000003,2400.0,0.0,74.28156639985535,5.626566275544306,250382.19926172163,0.7706469281879225,192956.27273398207,349356.27273398207,370089.81641318597,352466.49182208185,93.11184041413793
2024-07-09,0.0,0.406850156,Tue,1.0,1.0,154000.00000000003,2400.0,0.0,66.99340975986982,5.059709647989875,225157.07933554944,0.7635374550232805,171915.8633363403,328315.8633363403,345939.1879274444,329465.8932642327,87.0357222240742
2024-07-10,3.81,0.39419244,Wed,1.0,1.0,154000.00000000003,2400.0,6096.0,63.86306878388284,4.816238683190888,214322.62140199452,0.7563320204241538,162099.0612675715,324595.0612675715,341068.3559307832,324827.00564836495,85.81025718439085
2024-07-11,0.0,0.381654091,Thu,1.0,1.0,154000.00000000003,2400.0,0.0,57.61676190549455,4.330414814871799,192703.45926179504,0.7490330428638373,144341.25846124985,300741.2584612499,316982.6087436681,301888.19880349346,79.75046264565621
2024-07-12,0.0,0.369246867,Fri,1.0,1.2,154000.00000000003,2880.0,0.0,51.9950857149451,3.893173333384619,173246.21333561555,0.7416432454538263,128486.88392081189,285366.88392081193,300461.2938609866,286153.6132009396,75.59382291507119
2024-07-13,0.0,0.356982524,Sat,0.95,0.25,146300.00000000003,600.0,0.0,46.93557714345059,3.499656000046157,155734.69200205398,0.7341656936067871,114335.06817232732,261235.06817232736,275542.74883237435,262421.6655546422,69.32450264426897
2024-07-14,0.0,0.34487282,Sun,0.95,0.25,146300.00000000003,600.0,0.0,42.38201942910553,3.1454904000415413,139974.32280184858,0.726603842936806,101705.88086030017,248605.8808603002,261726.96413803234,249263.7753695546,65.84855415121602
2024-07-15,0.0,0.332929511,Mon,1.0,1.0,154000.00000000003,2400.0,0.0,38.28381748619498,2.8267413600373876,125789.99052166376,0.7189615879009646,90438.17132750267,246838.1713275027,259301.36009598043,246953.67628188612,65.23829024646898
2024-07-16,0.0,0.321164354,Tue,1.0,1.0,154000.00000000003,2400.0,0.0,34.59543573757548,2.5398672240336486,113024.09146949736,0.711243320928688,80387.6301617131,236787.6301617131,249135.31397580742,237271.72759600705,62.68058878589296
2024-07-17,0.0,0.309589106,Wed,1.0,1.0,154000.00000000003,2400.0,0.0,31.27589216381793,2.2816805016302837,101534.78232254762,0.703453996023559,71425.04836017833,227825.04836017836,239688.63473997873,228274.89022855117,60.30387467369484
2024-07-18,0.0,0.298215524,Thu,1.0,1.0,154000.00000000003,2400.0,0.0,28.288302947436136,2.049312451467255,91194.40409029285,0.6955992006213144,63434.75458634483,219834.75458634488,231248.49909777244,220236.6658074023,58.1803994302869
2024-07-19,0.0,0.287055364,Fri,1.0,1.2,154000.00000000003,2880.0,0.0,25.599472652692523,1.8401812063205298,81888.06368126358,0.6876852351606976,56313.21232950392,213193.21232950396,224205.0456198741,213528.61487607055,56.40831901328273
2024-07-20,3.556,0.276120384,Sat,0.95,0.25,146300.00000000003,600.0,5689.6,26.37992538742327,1.9008830856884769,84589.29731313723,0.6797192047156891,57496.96989714462,210086.56989714465,220763.0006409482,210250.47680090304,55.54232614192466
2024-07-21,0.0,0.26542234,Sun,0.95,0.25,146300.00000000003,600.0,0.0,23.881932848680943,1.706594777119629,75943.4675818235,0.6717091156827336,51011.91945126701,197911.91945126705,208424.4432913122,198499.4698012497,52.43803704255278
2024-07-22,5.588,0.254972989,Mon,1.0,1.0,154000.00000000003,2400.0,8940.8,26.66293956381285,1.9228952994076662,85568.84082364115,0.6636639881855643,56788.95816543341,222129.75816543342,232054.7316554959,221004.50633856753,58.383241534884604
2024-07-23,0.0,0.244784089,Tue,1.0,1.0,154000.00000000003,2400.0,0.0,24.13664560743156,1.7264057694668995,76825.05674127703,0.6555939778178775,50366.04454509796,206766.04454509798,217816.26986202635,207444.06653526318,54.80095063289398
2024-07-24,1.016,0.234867395,Wed,1.0,1.0,154000.00000000003,2400.0,1625.6,22.777381046688404,1.6206851925202093,72120.49106714931,0.6475105059016739,46698.77565676701,204724.37565676705,215096.57898353023,204853.88474621926,54.116696671224325
2024-07-25,0.0,0.225234664,Thu,1.0,1.0,154000.00000000003,2400.0,0.0,20.639642942019563,1.4544166732681885,64721.541960434384,0.6394264087933348,41384.66314732769,197784.66314732772,208027.3573846387,198121.29274727494,52.33813318696652
2024-07-26,0.0,0.215897655,Fri,1.0,1.2,154000.00000000003,2880.0,0.0,18.715678647817608,1.3047750059413696,58062.48776439095,0.6313560952012379,36658.10555259552,193538.10555259555,203444.1701899593,193756.352561866,51.18503743633213
2024-07-27,0.0,0.206868122,Sat,0.95,0.25,146300.00000000003,600.0,0.0,16.98411078303585,1.1700975053472327,52069.33898795185,0.6233157079857822,32455.6368956269,179355.63689562693,189043.45452372023,180041.38526068593,47.561924668843254
2024-07-28,1.524,0.198157824,Sun,0.95,0.25,146300.00000000003,600.0,2438.4,16.797299704732264,1.1555677548125096,51422.76508915668,0.6153233097096902,31641.6260090838,180980.0260090838,189982.0952721181,180935.32883058867,47.79807968769266
2024-07-29,12.446,0.189778517,Mon,1.0,1.0,154000.00000000003,2400.0,19913.6,26.45896973425904,1.9070309793312588,84862.87858024101,0.6073990587354106,51545.63257121583,227859.23257121586,236905.9990127453,225624.76096451932,59.60378425706048
2024-07-30,26.924,0.181741958,Tue,1.0,1.0,154000.00000000003,2400.0,43078.4,48.18467276083313,3.596807881398133,160057.95072221692,0.5995653977296647,95965.20888456106,295443.6088845611,306724.8469327871,292118.9018407496,77.16968620063602
2024-07-31,90.17,0.174059903,Wed,1.0,1.0,154000.00000000003,2400.0,144272.0,124.6592054847498,9.54482709325832,424744.8056499952,0.5918472324639223,251384.03772737624,552056.0377273762,566661.9828194138,539678.0788756321,142.56793289911323
2024-08-01,0.0,0.166503457,Thu,1.0,1.0,154000.00000000003,2400.0,0.0,112.33328493627482,8.586144383932487,382083.42508499563,0.5840190001940322,223143.97990885054,379543.97990885057,406527.8838526322,387169.413192983,102.27938669602052
2024-08-02,0.0,0.158851405,Fri,1.0,1.2,154000.00000000003,2880.0,0.0,101.23995644264734,7.723329945539239,343688.1825764961,0.5758340185543043,197907.34730264917,354787.34730264917,374145.81796229834,356329.3504402841,94.13230018420306
2024-08-03,0.0,0.151127028,Sat,0.95,0.25,146300.00000000003,600.0,0.0,91.2559607983826,6.9467969509853145,309132.46431884647,0.5672867533677325,175366.75204400482,322266.75204400485,340083.2195660191,323888.7805390658,85.56240421488447
2024-08-04,0.0,0.143353606,Sun,0.95,0.25,146300.00000000003,600.0,0.0,82.27036471854433,6.247917255886783,278032.31788696186,0.5583706557384912,155245.08765503552,302145.08765503555,318339.52668198885,303180.50160189415,80.09185308906939
2024-08-05,0.0,0.135554421,Mon,1.0,1.0,154000.00000000003,2400.0,0.0,74.1833282466899,5.618925530298103,250042.18609826558,0.5490780793814868,137292.68330718396,293692.683307184,308851.7083872787,294144.48417836067,77.70478869616784
2024-08-06,0.0,0.127752752,Tue,1.0,1.0,154000.00000000003,2400.0,0.0,66.9049954220209,5.052832977268293,224851.06748843906,0.5394001703747553,121284.70411220963,277684.70411220967,292391.9283211277,278468.5031629788,73.56363066694989
2024-08-07,0.0,0.119971881,Wed,1.0,1.0,154000.00000000003,2400.0,0.0,60.35449587981881,4.543349679541464,202179.06073959515,0.5293267480683115,107018.78474879553,263418.78474879556,277342.2099069445,264135.43800661375,69.77723364354556
2024-08-08,0.254,0.112235089,Thu,1.0,1.0,154000.00000000003,2400.0,406.4,54.687646291836934,4.102594711587317,182565.4646656356,0.5188461477351008,94723.3880512337,251529.78805123374,264736.5599515645,252130.05709672807,66.60574603457171
2024-08-09,0.0,0.104565655,Fri,1.0,1.2,154000.00000000003,2880.0,0.0,49.35888166265324,3.688135240428586,164122.01819907207,0.5079450339189752,83364.96410097832,240244.96410097834,252851.46695581474,240810.92091029976,63.6155451880509
2024-08-10,0.0,0.09698686,Sat,0.95,0.25,146300.00000000003,600.0,0.0,44.56299349638792,3.315121716385727,147522.91637916485,0.4966081809745258,73261.08715511413,220161.08715511416,232201.63320062915,221144.41257202774,58.420200869133794
2024-08-11,0.0,0.089521986,Sun,0.95,0.25,146300.00000000003,600.0,0.0,40.24669414674912,2.9794095447471545,132583.72474124838,0.4848181973849758,64279.002431637855,211179.0024316379,222236.2230602393,211653.54577165647,55.912977926210495
2024-08-12,13.462,0.082194313,Mon,1.0,1.0,154000.00000000003,2400.0,21539.2,48.47782473207421,3.619608590272439,161072.58226712354,0.47255518308564304,76115.68360331787,254054.8836033179,264637.56089190074,252035.7722780007,66.58083860876383
2024-08-13,0.0,0.075027122,Tue,1.0,1.0,154000.00000000003,2400.0,0.0,43.77004225886679,3.253447731245195,144778.4240404112,0.4597963149053468,66568.58585158474,222968.58585158476,235570.3744654848,224352.737586176,59.26775107218928
2024-08-14,25.908,0.068043693,Wed,1.0,1.0,154000.00000000003,2400.0,41452.8,62.8502380329801,4.737462958120675,210817.10163637003,0.4465153187205423,94133.06532890472,291985.86532890477,303203.50220821355,288765.2401982986,76.2837421041046
2024-08-15,2.54,0.061267306,Thu,1.0,1.0,154000.00000000003,2400.0,4064.0,58.99121422968209,4.437316662308608,197460.59147273307,0.43268180750796,85437.60563001301,245901.60563001304,260339.867639928,247942.7310856457,65.49957100700999
2024-08-16,0.0,0.054721244,Fri,1.0,1.2,154000.00000000003,2880.0,0.0,53.23209280671389,3.9893849960777468,177527.63232545974,0.4182604386099748,74252.78536183713,231132.78536183716,243529.92191611946,231933.2589677328,61.27031390727367
2024-08-17,0.0,0.048428786,Sat,0.95,0.25,146300.00000000003,600.0,0.0,48.048883526042495,3.5862464964699723,159587.96909291376,0.40320979595511747,64347.43245484535,211247.43245484537,222844.09540323203,212232.47181260193,56.06591407868684
2024-08-18,0.0,0.042413212,Sun,0.95,0.25,146300.00000000003,600.0,0.0,43.38399517343825,3.223421846822975,143442.27218362238,0.38748094389128923,55581.14701962122,202481.14701962125,213092.77061025135,202945.495819287,53.612553414104944
2024-08-19,0.0,0.036697805,Mon,1.0,1.0,154000.00000000003,2400.0,0.0,39.18559565609443,2.896879662140678,128911.14496526017,0.3710154769151599,47828.02992896532,204228.02992896535,214375.3047199297,204166.95687612353,53.935229440436714
2024-08-20,2.286,0.031305843,Tue,1.0,1.0,154000.00000000003,2400.0,3657.6,37.46443609048499,2.7630116959266102,122954.02046873416,0.3537428095956907,43494.100651696084,203551.70065169613,213760.0484955023,203580.99856714503,53.780435558405834
2024-08-21,1.27,0.026260609,Wed,1.0,1.0,154000.00000000003,2400.0,2032.0,35.00099248143649,2.5714105263339495,114427.76842186075,0.3355764211111532,38399.261002743864,196831.2610027439,207010.31093110118,197152.6770772392,52.08225187687442
2024-08-22,0.0,0.021585382,Thu,1.0,1.0,154000.00000000003,2400.0,0.0,31.64089323329284,2.3100694737005547,102798.09157967468,0.3164083395570226,32526.173466355613,188926.17346635566,198783.80732021763,189317.9117335406,50.01252486085803
2024-08-23,0.0,0.017303444,Fri,1.0,1.2,154000.00000000003,2880.0,0.0,28.616803909963554,2.074862526330499,92331.38242170721,0.29610092597442106,27339.407831565888,184219.4078315659,193685.30341824295,184462.19373165994,48.72977926609269
2024-08-24,0.0,0.013438075,Sat,0.95,0.25,146300.00000000003,600.0,0.0,25.8951235189672,1.8631762736974489,82911.34417953648,0.27447394104118467,22757.003393979463,169657.00339397948,178880.1130805625,170362.01245767856,45.004903684852785
2024-08-25,0.0,0.010012555,Sun,0.95,0.25,146300.00000000003,600.0,0.0,23.445611167070478,1.6726586463277042,74433.30976158284,0.2512832118088655,18703.841142454716,165603.84114245474,174121.94176533868,165830.42072889398,43.8077832332281
2024-08-26,0.0,0.007050166,Mon,1.0,1.0,154000.00000000003,2400.0,0.0,21.24105005036343,1.5011927816949335,66803.07878542454,0.22618291811135088,15109.7152985098,171509.71529850984,179801.23633495453,171239.2726999567,45.23665143272636
2024-08-27,2.032,0.004574188,Tue,1.0,1.0,154000.00000000003,2400.0,3251.2,21.085745045327087,1.4891135035254404,66265.5509068821,0.19865257690803484,13163.822447882694,172815.02244788274,181376.98608288058,172739.98674560056,45.63309832900546
2024-08-28,0.0,0.002607902,Wed,1.0,1.0,154000.00000000003,2400.0,0.0,19.11717054079438,1.3360021531728963,59452.09581619388,0.16783687327749142,9978.25387158381,166378.25387158385,175015.25320886387,166681.1935322513,44.032533736702575
2024-08-29,22.606,0.001174588,Thu,1.0,1.0,154000.00000000003,2400.0,36169.600000000006,37.69085348671495,2.7806219378556074,123737.67623457452,0.13211911864468703,16348.112727253623,208917.71272725365,217251.77240386623,206906.44990844402,54.65892727827211
2024-08-30,3.302,0.000297527,Fri,1.0,1.2,154000.00000000003,2880.0,5283.2,37.03356813804346,2.7294997440700466,121462.73861111708,0.0875100465724971,10629.209912681898,172792.40991268193,183137.73240810414,174416.88800771823,46.076088985794996
2024-08-31,0.0,0.0,Sat,0.95,0.25,146300.00000000003,600.0,0.0,33.47021132423911,2.452349769663042,109129.56475000537,0.0,0.0,146900.00000000003,155620.84440038595,148210.32800036756,39.15304498069366
2024-09-01,0.0,0.000100301,Sun,0.95,0.25,146300.00000000003,600.0,0.0,30.263190191815198,2.202914792696738,98029.70827500483,0.06315264997476397,6190.835853819603,153090.83585381962,160501.352253838,152858.43071794094,40.38094439385455
2024-09-02,0.0,0.000392086,Mon,1.0,1.0,154000.00000000003,2400.0,0.0,27.376871172633678,1.9784233134270641,88039.83744750435,0.09506363149939748,8369.386664376409,164769.38666437645,172412.30820027352,164202.19828597477,43.3776521660731
2024-09-03,0.0,0.000861678,Tue,1.0,1.0,154000.00000000003,2400.0,0.0,24.779184055370308,1.7763809820843577,79048.95370275392,0.12039362788014164,9516.9903164039,165916.99031640394,174127.1002307027,165835.33355305018,43.809081064679965
2024-09-04,0.0,0.001495398,Wed,1.0,1.0,154000.00000000003,2400.0,0.0,22.44126564983328,1.5945428838759217,70957.15833247852,0.14204535569885615,10079.134794716965,166479.13479471699,174770.9014723695,166448.47759273284,43.97105666037044
2024-09-05,0.0,0.00227957,Thu,1.0,1.0,154000.00000000003,2400.0,0.0,20.33713908484995,1.4308885954883297,63674.54249923067,0.16119660094386862,10264.11981753189,166664.11981753193,174986.54369716858,166653.85114016055,44.02531063746346
2024-09-06,0.0,0.003200517,Fri,1.0,1.2,154000.00000000003,2880.0,0.0,18.443425176364958,1.2835997359394968,57120.18824930761,0.1784703360943658,10194.259194627373,167074.2591946274,175406.95175163544,167054.2397634623,44.13108217167026
2024-09-07,0.0,0.00424456,Sat,0.95,0.25,146300.00000000003,600.0,0.0,16.73908265872846,1.151039762345547,51221.26942437684,0.19424497966405307,9949.474437705063,156849.4744377051,165202.18642587823,157335.41564369356,41.56363924745102
2024-09-08,0.0,0.005398022,Sun,0.95,0.25,146300.00000000003,600.0,0.0,15.205174392855614,1.0317357861109924,45912.24248193916,0.20877110748894476,9585.149710255417,156485.14971025544,164351.9204924401,156525.63856422866,41.34971867359907
2024-09-09,0.0,0.006647227,Mon,1.0,1.0,154000.00000000003,2400.0,0.0,13.824656953570052,0.9243622074998931,41134.11823374524,0.22222461015681627,9141.013388638425,165541.01338863844,173367.2953168499,165111.7098255713,43.61791980936578
2024-09-10,0.0,0.007978496,Tue,1.0,1.0,154000.00000000003,2400.0,0.0,12.582191258213047,0.8277259867499037,36833.806410370715,0.23473416757494825,8646.152886355163,165046.15288635518,173301.73837763377,165049.27464536548,43.60142617189828
2024-09-11,0.0,0.009378152,Wed,1.0,1.0,154000.00000000003,2400.0,0.0,11.463972132391742,0.7407533880749134,32963.525769333646,0.24639686636212843,8122.109453811079,164522.1094538111,172774.5731860794,164547.21255817084,43.46879533740621
2024-09-12,0.0,0.010832518,Thu,1.0,1.0,154000.00000000003,2400.0,0.0,10.457574919152567,0.662478049267422,29480.27319240028,0.2572875822011633,7584.908212302438,163984.90821230246,172212.268840211,164011.68460972476,43.32732375349692
2024-09-13,0.0,0.012327916,Fri,1.0,1.2,154000.00000000003,2880.0,0.0,9.551817427237308,0.5920302443406797,26345.345873160248,0.2674649635992373,7046.456974974123,163926.45697497416,172127.0412054604,163930.5154337718,43.30588111559165
2024-09-14,0.0,0.013850669,Sat,0.95,0.25,146300.00000000003,600.0,0.0,8.736635684513576,0.5286272199066117,23523.91128584422,0.27697541720651686,6515.545142725793,153415.5451427258,161612.07091441442,153916.25801372802,40.66039293332242
2024-09-15,0.0,0.015387099,Sun,0.95,0.25,146300.00000000003,600.0,0.0,8.002972116062217,0.4715644979159504,20984.620157259793,0.2858558105019038,5998.575603128086,152898.57560312812,160594.38850381452,152947.03667029954,40.40435162117169
2024-09-16,0.0,0.01692353,Mon,1.0,1.0,154000.00000000003,2400.0,0.0,7.342674904455996,0.42020804812435525,18699.25814153381,0.2941353935663707,5500.113652859209,161900.11365285923,169547.46548637422,161473.7766536897,42.65687908408593
2024-09-17,0.0,0.018446283,Tue,1.0,1.0,154000.00000000003,2400.0,0.0,6.748407414010397,0.37398724331191974,16642.43232738043,0.3018371282065038,5023.303980067591,161423.3039800676,169496.9928127521,161425.7074407163,42.64418053545489
2024-09-18,0.0,0.019941681,Wed,1.0,1.0,154000.00000000003,2400.0,0.0,6.213566672609358,0.3323885189807278,14791.289094642387,0.3089786913397122,4570.193147689961,160970.19314768998,169041.4785197258,160991.88430450074,42.52957653318947
2024-09-19,0.0,0.021396047,Thu,1.0,1.0,154000.00000000003,2400.0,0.0,5.732210005348422,0.2949496670826551,13125.260185178151,0.3155731631222375,4141.979873439033,160541.97987343906,168591.5740886641,160563.40389396582,42.41638393039745
2024-09-20,0.0,0.022795703,Fri,1.0,1.2,154000.00000000003,2880.0,0.0,5.29898900481358,0.2612547003743896,11625.834166660336,0.3216295158626737,3739.211414522694,160619.21141452272,168647.38160922102,160616.55391354382,42.43042468676942
2024-09-21,7.366,0.024126972,Sat,0.95,0.25,146300.00000000003,600.0,11785.599999999999,11.538490104332222,0.7465492303369508,33221.44074999431,0.3271529539870665,10868.492477066946,169554.09247706697,177584.92017274417,169128.49540261348,44.67904279922478
2024-09-22,7.874,0.025376176,Sun,0.95,0.25,146300.00000000003,600.0,12598.4,17.611241093898997,1.2188743073032555,54239.90667499487,0.33214510265406344,18015.519370512993,177513.919370513,185970.3441406437,177114.6134672797,46.78875299301257
2024-09-23,0.0,0.026529639,Mon,1.0,1.0,154000.00000000003,2400.0,0.0,15.990116984509097,1.0927868765729298,48629.016007495375,0.3366041004110406,16368.726187077074,172768.72618707712,181624.4568604411,172975.6732004201,45.695360132831084
2024-09-24,0.0,0.027573682,Tue,1.0,1.0,154000.00000000003,2400.0,0.0,14.531105286058187,0.9793081889156369,43579.21440674584,0.34052455087438843,14839.792413315807,171239.79241331582,179888.57607333682,171322.45340317793,45.25862546016889
2024-09-25,0.0,0.028494628,Wed,1.0,1.0,154000.00000000003,2400.0,0.0,13.217994757452368,0.8771773700240731,39034.39296607125,0.34389740402329405,13423.826408657033,169823.82640865707,178389.94907881596,169895.18959887233,44.88158207403487
2024-09-26,0.0,0.029278801,Thu,1.0,1.0,154000.00000000003,2400.0,0.0,12.036195281707132,0.7852596330216659,34944.053669464134,0.3467096953364767,12115.442201561402,168515.44220156144,177010.20168150507,168581.14445857625,44.534447908833194
2024-09-27,0.0,0.029912521,Fri,1.0,1.2,154000.00000000003,2880.0,0.0,10.97257575353642,0.7025336697194993,31262.748302517717,0.34894413643615046,10908.952709042773,167788.95270904282,176218.00993197164,167826.67612568726,44.33513836696349
2024-09-28,0.0,0.030382113,Sat,0.95,0.25,146300.00000000003,600.0,0.0,10.015318178182778,0.6280803027475494,27949.57347226595,0.35057859193994406,9798.52211322901,156698.52211322903,165089.85591951341,157228.4342090604,41.535377728980585
2024-09-29,0.0,0.030673898,Sun,0.95,0.25,146300.00000000003,600.0,0.0,9.153786360364501,0.5610722724727945,24967.716125039355,0.351585285480791,8778.281601625311,155678.28160162535,163539.70331207837,155752.09839245558,41.14537088253468
2024-09-30,0.0,0.030774199,Mon,1.0,1.0,154000.00000000003,2400.0,0.0,8.378407724328051,0.5007650452255151,22284.044512535424,0.3519297875523634,7842.4190511040015,164242.41905110402,172030.02397072682,163838.11806735888,43.28147230217041
2024-10-01,0.0,0.030742922,Tue,1.0,1.0,154000.00000000003,2400.0,0.0,7.680566951895246,0.4464885407029636,19868.740061281882,0.35182244543381547,6990.268716049009,163390.26871604903,171582.17461941697,163411.5948756352,43.16879674213234
2024-10-02,0.0,0.030651843,Wed,1.0,1.0,154000.00000000003,2400.0,0.0,7.052510256705721,0.39763968663266724,17694.96605515369,0.3515094278347633,6219.9473936026325,162619.94739360266,170790.52713738443,162657.64489274708,42.96962413391075
2024-10-03,0.0,0.030505086,Thu,1.0,1.0,154000.00000000003,2400.0,0.0,6.487259231035149,0.3536757179694005,15738.569449638322,0.35100368515591,5524.2958759052735,161924.2958759053,170057.17812054267,161959.21725765968,42.785118985171934
2024-10-04,5.08,0.030306774,Fri,1.0,1.2,154000.00000000003,2880.0,8128.0,10.550533307931634,0.6697081461724604,29802.01250467449,0.35031756470988545,10440.168444091121,175448.16844409116,183546.12930697415,174805.83743521347,46.17883860274408
2024-10-05,0.0,0.030061032,Sat,0.95,0.25,146300.00000000003,600.0,0.0,9.635479977138472,0.5985373315552144,26634.91125420704,0.3494629717849909,9307.915240124692,156207.9152401247,164948.2071118854,157093.53058274798,41.499739944351596
2024-10-06,0.0,0.029771985,Sun,0.95,0.25,146300.00000000003,600.0,0.0,8.811931979424624,0.5344835983996931,23784.520128786342,0.3484514992454146,8287.751697708341,155187.75169770836,163042.42822684578,155278.50307318644,41.02026017609359
2024-10-07,0.0,0.029443757,Mon,1.0,1.0,154000.00000000003,2400.0,0.0,8.070738781482161,0.47683523855972376,21219.16811590771,0.34729454948175736,7369.301431191838,163769.30143119185,171533.2265848512,163364.97769985828,43.15648178132839
2024-10-08,0.0,0.029080472,Tue,1.0,1.0,154000.00000000003,2400.0,0.0,7.403664903333945,0.4249517147037513,18910.351304316933,0.3460034549365326,6543.046885357225,162943.04688535727,171111.29577035017,162963.13882890492,43.05032713204248
2024-10-09,0.0,0.028686254,Wed,1.0,1.0,154000.00000000003,2400.0,0.0,6.80329841300055,0.37825654323337615,16832.416173885238,0.34458958882348684,5800.275368264924,162200.27536826496,170348.43230971022,162236.602199724,42.85839636914469
2024-10-10,0.0,0.028265228,Thu,1.0,1.0,154000.00000000003,2400.0,0.0,6.262968571700495,0.33623088891003855,14962.274556496715,0.34306447465964557,5133.024860437927,161533.02486043796,169644.85497042417,161566.5285432611,42.6813815526617
2024-10-11,0.0,0.027821518,Fri,1.0,1.2,154000.00000000003,2880.0,0.0,5.776671714530446,0.29840780001903466,13279.147100847042,0.3414398812452913,4534.030409151968,161414.030409152,169492.35683631507,161421.29222506197,42.64301415832419
2024-10-12,0.0,0.027359249,Sat,0.95,0.25,146300.00000000003,600.0,0.0,5.339004543077401,0.26436702001713125,11764.33239076234,0.3397279289670349,3996.6722787934964,150896.67227879353,158967.73689004662,151397.84465718726,39.995098194696816
2024-10-13,0.0,0.026882545,Sun,0.95,0.25,146300.00000000003,600.0,0.0,4.945104088769661,0.23373031801541808,10400.999151686105,0.33794117864376483,3514.9259123936004,150414.92591239364,157984.818145253,150461.7315669076,39.74780316185238
2024-10-14,0.0,0.02639553,Mon,1.0,1.0,154000.00000000003,2400.0,0.0,4.590593679892695,0.20615728621387627,9173.999236517495,0.33609272816757335,3083.3144316084,159483.31443160842,167006.4010099538,159053.71524757505,42.01756619430261
2024-10-15,0.0,0.025902328,Tue,1.0,1.0,154000.00000000003,2400.0,0.0,4.271534311903426,0.18134155759248868,8069.699312865747,0.33419630168874115,2696.863666099908,159096.86366609993,167049.5494284787,159094.80897950352,42.028422014921375
2024-10-16,0.0,0.025407064,Wed,1.0,1.0,154000.00000000003,2400.0,0.0,3.9843808807130836,0.1590074018332398,7075.829381579171,0.33226633759025037,2351.0599140307972,158751.05991403083,166705.800363006,158767.4289171486,41.94193731118917
2024-10-17,0.0,0.024913862,Thu,1.0,1.0,154000.00000000003,2400.0,0.0,3.725942792641775,0.13890666164991586,6181.346443421256,0.3303180578324299,2041.8103519803071,158441.81035198033,166380.18179783775,158457.31599794072,41.86001410625024
2024-10-18,0.0,0.024426847,Fri,1.0,1.2,154000.00000000003,2880.0,0.0,3.493348513377598,0.12081599548492428,5376.311799079131,0.32836754320577854,1765.4062969718534,158645.4062969719,166568.27209686892,158636.44961606563,41.90733622409875
2024-10-19,0.0,0.023950143,Sat,0.95,0.25,146300.00000000003,600.0,0.0,3.2840136620398384,0.10453439593643186,4651.780619171218,0.3264317800406771,1518.4890278747837,148418.4890278748,156350.3115086781,148905.05857969343,39.336573470163984
2024-10-20,0.0,0.023487873,Sun,0.95,0.25,146300.00000000003,600.0,0.0,3.0956122958358545,0.0898809563427887,3999.702557254097,0.3245286977007081,1298.018262095864,148198.0182620959,155643.27119108057,148231.68684864815,39.15868739413912
2024-10-21,0.0,0.023044164,Mon,1.0,1.0,154000.00000000003,2400.0,0.0,2.926051066252269,0.07669286070850982,3412.832301528687,0.32267720554462576,1101.2431900497104,157501.24319004975,164912.82753248216,157059.8357452211,41.49083870577324
2024-10-22,1.524,0.022623138,Tue,1.0,1.0,154000.00000000003,2400.0,2438.4,4.145045959627042,0.1715035746376589,7631.9090713758205,0.3208971451350625,2449.057832934887,161287.45783293492,169140.44962019598,161086.14249542475,42.55447692467256
2024-10-23,0.254,0.02222892,Wed,1.0,1.0,154000.00000000003,2400.0,406.4,4.099141363664338,0.16793321717389295,7473.028164238236,0.3192092801892045,2385.45994114014,159191.85994114017,167246.1670659114,159282.06387229657,42.077889547577826
2024-10-24,0.508,0.021865635,Thu,1.0,1.0,154000.00000000003,2400.0,812.8,4.286427227297905,0.1824998954565037,8121.245347814414,0.31763520276623725,2579.5934127673922,159792.39341276741,167756.49660638225,159768.09200607834,42.20628465769318
2024-10-25,0.0,0.021537407,Fri,1.0,1.2,154000.00000000003,2880.0,0.0,3.9977845045681137,0.16004990591085336,7122.220813032975,0.31619720342907653,2252.0263032853904,159132.0263032854,167120.43090358932,159162.31514627553,42.04625526594888
2024-10-26,0.0,0.021248359,Sat,0.95,0.25,146300.00000000003,600.0,0.0,3.7380060541113025,0.13984491531976798,6223.098731729675,0.3149180971422631,1959.76641092474,148859.76641092476,156817.88216823855,149350.363969751,39.454210764422086
2024-10-27,0.0,0.021002618,Sun,0.95,0.25,146300.00000000003,600.0,0.0,3.5042054487001724,0.12166042378779118,5413.888858556707,0.3138210202752066,1698.9921252488396,148598.99212524886,156066.5103237364,148634.77173689182,39.26517120652501
2024-10-28,0.0,0.020804306,Mon,1.0,1.0,154000.00000000003,2400.0,0.0,3.293784903830155,0.10529438140901208,4685.599972701038,0.3129291135598325,1466.260645953311,157866.26064595333,165297.9992327979,157426.665935998,41.58774503580801
2024-10-29,0.0,0.020657548,Tue,1.0,1.0,154000.00000000003,2400.0,0.0,3.1044064134471396,0.09056494326811088,4030.139975430934,0.31226523137764867,1258.472591912252,157658.4725919123,165529.8058887122,157647.4341797259,41.64606586333473
2024-10-30,44.704,0.020566469,Wed,1.0,1.0,154000.00000000003,2400.0,71526.4,43.16756577210243,3.2065884489413,142693.18597788786,0.3118515597741156,44499.09261634229,272425.4926163423,280307.8643253286,266959.8707860272,70.52337019927226
2024-10-31,0.0,0.020535193,Thu,1.0,1.0,154000.00000000003,2400.0,0.0,38.99080919489218,2.88172960404717,128236.96738009907,0.3117092115879726,39972.64399848324,196372.64399848325,209720.63753778464,199733.94051217585,52.76414985752557
2024-11-01,0.0,0.020968797,Fri,1.0,1.2,154000.00000000003,2880.0,0.0,35.23172827540296,2.5893566436424527,115226.37064208914,0.3136693287827312,36142.978337374305,193022.97833737434,203009.67536298314,193342.54796474584,51.07572177511705
2024-11-02,20.32,0.02223019,Sat,0.95,0.25,146300.00000000003,600.0,32512.0,50.13655544786266,3.7486209792782073,166813.63357788022,0.3192147512738944,53249.372551657594,232661.3725516576,242328.4999498949,230789.04757132847,60.96804509189982
2024-11-03,15.24,0.024260245,Sun,0.95,0.25,146300.00000000003,600.0,24384.0,58.97889990307639,4.436358881350387,197417.97022009222,0.32769404912056715,64692.69403058556,235976.69403058558,247516.14640915202,235729.66324681143,62.27321828991085
2024-11-04,5.334,0.026999834,Mon,1.0,1.0,154000.00000000003,2400.0,8534.4,58.021609912768746,4.361902993215347,194104.68319808293,0.3383828377708104,65681.69352517145,230616.09352517145,242402.57668751205,230859.59684524956,60.9866822471673
2024-11-05,2.54,0.030389829,Tue,1.0,1.0,154000.00000000003,2400.0,4064.0,54.64544892149187,4.099312693893813,182419.41487827466,0.3506052999967804,63957.21367863464,224421.21367863467,235964.19352089716,224727.8033532354,59.36683301233827
2024-11-06,0.0,0.034371102,Wed,1.0,1.0,154000.00000000003,2400.0,0.0,49.320904029342685,3.685181424504431,163990.57339044719,0.36379609832465715,59659.130761468026,216059.13076146806,227295.52092912982,216471.92469440933,57.18585957516077
2024-11-07,0.0,0.038884525,Thu,1.0,1.0,154000.00000000003,2400.0,0.0,44.528813626408414,3.3124632820539883,147404.61605140247,0.3775139804307631,55647.3033394333,212047.30333943333,222870.89957415382,212257.9995944322,56.0726578083833
2024-11-08,0.0,0.043870971,Fri,1.0,1.2,154000.00000000003,2880.0,0.0,40.21593226376757,2.9770169538485893,132477.25444626223,0.3914291583814738,51855.46021258878,208735.4602125888,219348.3601923104,208903.20018315277,55.18641314498371
2024-11-09,4.064,0.049271311,Sat,0.95,0.25,146300.00000000003,600.0,6502.4,39.991939037390814,2.95959525846373,131701.989001636,0.4053015227388546,53379.01669009895,206781.41669009897,217226.5766992566,206882.453999292,54.65258822671573
2024-11-10,0.0,0.055026418,Sun,0.95,0.25,146300.00000000003,600.0,0.0,36.13274513365173,2.659435732617357,118344.8901014724,0.41895885392465515,49581.63952475214,196481.63952475216,206825.76222471677,196976.91640449216,52.03582079734881
2024-11-11,0.0,0.061077165,Mon,1.0,1.0,154000.00000000003,2400.0,0.0,32.65947062028656,2.3892921593556213,106323.50109132515,0.43227852518117305,45961.36624385688,202361.3662438569,212210.2120640815,202104.96387055382,53.390508259489415
2024-11-12,0.0,0.067364422,Tue,1.0,1.0,154000.00000000003,2400.0,0.0,29.533523558257908,2.1461629434200598,95504.25098219267,0.4451733691108101,42515.94917414711,198915.94917414713,209021.19736767482,199067.80701683316,52.58817592198287
2024-11-13,10.668,0.073829064,Wed,1.0,1.0,154000.00000000003,2400.0,17068.8,36.32137120243211,2.6741066490780536,118997.74588397339,0.4575812377720453,54451.13585367185,227919.93585367186,237873.32620451352,226546.02495667952,59.84715657133032
2024-11-14,0.0,0.08041196,Thu,1.0,1.0,154000.00000000003,2400.0,0.0,32.8292340821889,2.402495984170248,106911.07129557604,0.4694574056251925,50190.19416303111,206590.19416303115,217917.49541086514,207540.47181987157,54.82641822678959
2024-11-15,0.0,0.087053985,Fri,1.0,1.2,154000.00000000003,2880.0,0.0,29.686310673970006,2.158046385753223,96033.06416601842,0.480769155314914,46169.73514139961,203049.73514139964,213426.7587323932,203263.57974513638,53.696582337220114
2024-11-16,0.254,0.093696009,Sat,0.95,0.25,146300.00000000003,600.0,406.4,27.086279606573008,1.9558217471779007,87034.06774941659,0.49149185797010914,42776.53566485711,190082.93566485713,200246.11465211396,190710.58538296566,50.38043049047941
2024-11-17,0.0,0.100278906,Sun,0.95,0.25,146300.00000000003,600.0,0.0,24.517651645915706,1.7560395724601108,78143.76097447494,0.5016061772931506,39197.393221716055,186097.39322171608,195632.92249086438,186317.06903891845,49.219785713811305
2024-11-18,12.7,0.106743547,Mon,1.0,1.0,154000.00000000003,2400.0,20320.0,33.63588648132414,2.4652356152141,109702.98487702745,0.5110960081728546,56068.75765529577,232788.7576552958,242104.61110724174,230575.82010213498,60.91171632719705
2024-11-19,0.0,0.113030805,Tue,1.0,1.0,154000.00000000003,2400.0,0.0,30.41229783319173,2.2145120536926903,98545.78638932473,0.5199469634152522,51238.582390497475,207638.5823904975,219167.37339560426,208730.83180533737,55.140878215394736
2024-11-20,0.0,0.119081551,Wed,1.0,1.0,154000.00000000003,2400.0,0.0,27.511068049872556,1.9888608483234214,88504.30775039225,0.5281452093285237,46743.126143307,203143.12614330702,213579.6677335739,203409.20736530848,53.73505310265163
2024-11-21,0.0,0.124836658,Thu,1.0,1.0,154000.00000000003,2400.0,0.0,24.899961244885297,1.785774763491079,79466.97697535301,0.5356765563707255,42568.59657134883,198968.59657134887,209139.0569396143,199180.05422820407,52.61782851215696
2024-11-22,0.0,0.130236999,Fri,1.0,1.2,154000.00000000003,2880.0,0.0,22.549965120396767,1.6029972871419709,71333.3792778177,0.5425256976654289,38700.1913595307,195580.19135953073,205539.19407094095,195751.61340089614,51.71212983557822
2024-11-23,0.0,0.135223445,Sat,0.95,0.25,146300.00000000003,600.0,0.0,20.43496860835709,1.4384975584277737,64013.14135003593,0.5486755387991729,35122.44482045857,182022.4448204586,191810.0254905034,182676.21475286037,48.2579733114406
2024-11-24,0.0,0.139736868,Sun,0.95,0.25,146300.00000000003,600.0,0.0,18.53147174752138,1.2904478025849964,57424.92721503234,0.5541065724187137,31819.52959051568,178719.5295905157,187853.34032815875,178907.94316967498,47.26250080431842
2024-11-25,0.0,0.143718141,Mon,1.0,1.0,154000.00000000003,2400.0,0.0,16.818324572769242,1.1572030223264966,51495.5344935291,0.5587962426923824,28775.511190420035,185175.51119042007,194120.90834890385,184877.0555703846,48.8393742211239
2024-11-26,0.0,0.147108135,Tue,1.0,1.0,154000.00000000003,2400.0,0.0,15.276492115492317,1.037282720093847,46159.08104417619,0.5627182584630147,25974.55769743198,182374.557697432,191618.41047595124,182493.7242628107,48.2097644014283
2024-11-27,0.0,0.149847724,Wed,1.0,1.0,154000.00000000003,2400.0,0.0,13.888842903943086,0.9293544480844623,41356.27293975857,0.5658418243262151,23401.108927565874,179801.10892756592,188925.79514070647,179929.32870543472,47.53232244471133
2024-11-28,0.0,0.151877779,Thu,1.0,1.0,154000.00000000003,2400.0,0.0,12.639958613548778,0.8322190032760161,37033.745645782714,0.5681307175914407,21040.008488837426,177440.00848883745,186436.4749241092,177558.54754677066,46.90602802517314
2024-11-29,0.0,0.153139173,Fri,1.0,1.2,154000.00000000003,2880.0,0.0,11.5159627521939,0.7447971029484145,33143.47108120444,0.5695421747537108,18876.604598475904,175756.60459847594,184634.5319758145,175842.4114055376,46.452672604958934
2024-11-30,0.0,0.153572776,Sat,0.95,0.25,146300.00000000003,600.0,0.0,10.504366476974509,0.6661173926535731,29642.223973084,0.5700254818982088,16896.823004791844,163796.82300479186,172588.94357506876,164370.42245244642,43.42209231033004
2024-12-01,0.0,0.153515322,Sun,0.95,0.25,146300.00000000003,600.0,0.0,9.593929829277057,0.5953056533882157,26491.1015757756,0.5699614968597138,15098.907907591782,161998.9079075918,170217.42903021415,162111.8371716325,42.82543692007801
2024-12-02,0.0,0.153339073,Mon,1.0,1.0,154000.00000000003,2400.0,0.0,8.774536846349351,0.531575088049394,23655.091418198033,0.5697651082488949,13477.845722527109,169877.84572252713,177983.43758110877,169508.03579153217,44.77930680997096
2024-12-03,0.0,0.153038202,Tue,1.0,1.0,154000.00000000003,2400.0,0.0,8.037083161714415,0.4742175792444546,21102.68227637823,0.5694294919221171,12016.48964683192,168416.48964683193,176891.89143640854,168468.4680346748,44.50468193265057
2024-12-04,0.762,0.15260688,Wed,1.0,1.0,154000.00000000003,2400.0,1219.2,8.059174845542975,0.4759358213200091,21179.144048740407,0.568947553174172,12049.822184854182,169669.02218485423,178092.44558658797,169611.85293960758,44.80673241197323
2024-12-05,0.0,0.15203928,Thu,1.0,1.0,154000.00000000003,2400.0,0.0,7.393257360988677,0.42414223918800825,18874.329643866367,0.5683118886981401,10726.505927816988,167126.50592781702,175607.09857479742,167244.85578552136,44.181437621161606
2024-12-06,0.0,0.151329574,Fri,1.0,1.2,154000.00000000003,2880.0,0.0,6.79393162488981,0.37752801526920743,16799.99667947973,0.5675147360259563,9534.24568079188,166414.2456807919,174776.48847006797,166453.79854292187,43.97246230736482
2024-12-07,0.0,0.150471935,Sat,0.95,0.25,146300.00000000003,600.0,0.0,6.254538462400829,0.3355752137422867,14933.09701153176,0.5665479230197381,8460.315096135577,155360.3150961356,163683.0050232817,155888.57621264923,41.18142452538807
2024-12-08,0.0,0.149460533,Sun,0.95,0.25,146300.00000000003,600.0,0.0,5.769084616160746,0.29781769236805805,13252.887310378583,0.5654028040676614,7493.219647280778,154393.2196472808,162187.64845791328,154464.42710277456,40.80520395486211
2024-12-09,0.0,0.148289541,Mon,1.0,1.0,154000.00000000003,2400.0,0.0,5.332176154544671,0.26383592313125226,11740.698579340726,0.5640701998074361,6622.5781935276045,163022.57819352765,170745.79954866637,162615.04718920606,42.958371005837165
2024-12-10,0.0,0.146953132,Tue,1.0,1.0,154000.00000000003,2400.0,0.0,4.938958539090204,0.233252330818127,10379.728721406651,0.5625403175139755,5839.015890649028,162239.01589064905,170369.76825010937,162256.9221429613,42.86376433278332
2024-12-11,0.0,0.145445477,Wed,1.0,1.0,154000.00000000003,2400.0,0.0,4.5850626851811835,0.2057270977363143,9154.855849265987,0.5608026615212774,5134.067526112,161534.06752611202,169646.9136332601,161568.4891745334,42.68189949689292
2024-12-12,0.0,0.143760749,Thu,1.0,1.0,154000.00000000003,2400.0,0.0,4.2665564166630645,0.18095438796268287,8052.4702643393875,0.5588459372960337,4500.090292423185,160900.0902924232,168978.5147511499,160931.91881061895,42.51373531813435
2024-12-13,0.0,0.141893119,Fri,1.0,1.2,154000.00000000003,2880.0,0.0,3.9799007749967577,0.15865894916641454,7060.323237905447,0.5566579303379485,3930.1849211293697,160810.1849211294,168856.78086166034,160815.98177300984,42.48310797853069
2024-12-14,0.0,0.13983676,Sat,0.95,0.25,146300.00000000003,600.0,0.0,3.721910697497082,0.13859305424977306,6167.390914114901,0.5542253749323458,3418.1245417296736,150318.1245417297,158358.9236303802,150818.02250512398,39.84192531459578
2024-12-15,1.681574074,0.137585844,Sun,0.95,0.25,146300.00000000003,600.0,2690.5185184,5.003136294347374,0.23824393400479577,10601.855063213412,0.5515337910452536,5847.28131512641,155437.79983352643,162978.70095878263,155217.81043693583,41.00422687025602
2024-12-16,4.160425926,0.135134543,Mon,1.0,1.0,154000.00000000003,2400.0,6656.681481600001,8.387205998312636,0.5014493554243161,22314.49631638207,0.5485672966645726,12241.002920709274,175297.6844023093,183058.5749241561,174341.4999277677,46.05617355260532
2024-12-17,0.0,0.132477028,Tue,1.0,1.0,154000.00000000003,2400.0,0.0,7.688485398481372,0.44710441988188454,19896.14668474386,0.5453083815427758,10849.53554759534,167249.53554759535,175966.61054398376,167587.24813712738,44.27188815402489
2024-12-18,0.762,0.129607473,Wed,1.0,1.0,154000.00000000003,2400.0,1219.2,7.745436858633235,0.45153397789369615,20093.26201626948,0.5417376418260266,10885.2763812863,168504.47638128634,176883.83878814272,168460.7988458502,44.50265594634404
2024-12-19,0.0,0.126520048,Thu,1.0,1.0,154000.00000000003,2400.0,0.0,7.110893172769911,0.4021805801043265,17897.035814642528,0.537833444025253,9625.624410032491,166025.62441003253,174448.66435232505,166141.58509745242,43.88998420183083
2024-12-20,0.0,0.123208927,Fri,1.0,1.2,154000.00000000003,2880.0,0.0,6.53980385549292,0.3577625220938938,15920.432233178275,0.5335715348283878,8494.68946178827,165374.6894617883,173681.76871666094,165411.20830158185,43.69703897373913
2024-12-21,0.0,0.119668281,Sat,0.95,0.25,146300.00000000003,600.0,0.0,6.025823469943629,0.3177862698845044,14141.489009860446,0.528924538466634,7479.780547771414,154379.78054777143,162650.34096285052,154905.0866312862,40.92161394176224
2024-12-22,0.0,0.115892283,Sun,0.95,0.25,146300.00000000003,600.0,0.0,5.5632411229492655,0.28180764289605403,12540.440108874405,0.523861347210911,6569.45185005269,153469.45185005272,161214.70618161705,153537.81541106384,40.560418927160825
2024-12-23,0.0,0.111875104,Mon,1.0,1.0,154000.00000000003,2400.0,0.0,5.146917010654339,0.2494268786064486,11099.496097986963,0.5183463391035567,5753.383168285754,162153.38316828577,169830.27393883897,161743.1180369895,42.72803158363018
2024-12-24,0.0,0.107610917,Tue,1.0,1.0,154000.00000000003,2400.0,0.0,4.772225309588905,0.22028419074580374,9802.646488188266,0.5123383905615194,5022.272125001907,161422.27212500194,169509.4280268514,161437.55050176324,42.64730914267233
2024-12-25,0.0,0.103093893,Wed,1.0,1.0,154000.00000000003,2400.0,0.0,4.435002778630015,0.1940557716712234,8635.48183936944,0.5057895845249839,4367.736771707713,160767.73677170774,168839.61429679592,160799.63266361516,42.478788998712204
2024-12-26,0.508,0.098318205,Thu,1.0,1.0,154000.00000000003,2400.0,812.8,4.588702500767013,0.20601019450410105,9167.453655432497,0.4986435230538399,4571.291388177663,161784.09138817768,169824.07302135843,161737.21240129374,42.7264714789927
2024-12-27,14.986,0.093278025,Fri,1.0,1.2,154000.00000000003,2880.0,23977.600000000002,17.757232250690315,1.2302291750536911,54745.19828988925,0.4908330551778498,26870.752932943542,207728.35293294358,215815.21355300827,205538.29862191263,54.297499774638055
2024-12-28,0.0,0.087967525,Sat,0.95,0.25,146300.00000000003,600.0,0.0,16.121509025621283,1.1030062575483222,49083.778460900336,0.48227717901827516,23671.98621168099,170571.986211681,180848.90114277665,172237.04870740633,45.500236092631006
2024-12-29,0.0,0.082380877,Sun,0.95,0.25,146300.00000000003,600.0,0.0,14.649358123059153,0.9885056317934898,43988.5006148103,0.47287670838509227,20801.137377527102,167701.13737752713,176312.98981289746,167917.13315514044,44.359034597346245
2024-12-30,17.526,0.076512253,Mon,1.0,1.0,154000.00000000003,2400.0,28041.6,29.097822310753237,2.112275068614141,93996.24055332928,0.46250805113937554,43474.01803274826,227915.6180327483,236311.4746905053,225058.54732429076,59.45420636715462
2024-12-31,1.778,0.070355825,Tue,1.0,1.0,154000.00000000003,2400.0,2844.8,27.92824007967791,2.0213075617527267,89948.18649799634,0.4510139947064904,40567.89090906573,199812.69090906574,211065.61827528029,201014.87454788596,53.1025369901506
